layer,head,target_index,target_token,mean_attention_toward,max_attention_toward,example_id,n_shots,prompt
0,0,2, 77,0.11964098364114761,0.32309478521347046,521,0,Is 7740 > 2273? Answer:
0,0,3,40,0.0627860575914383,0.19584403932094574,521,0,Is 7740 > 2273? Answer:
0,0,5, 2,0.02341843582689762,0.09867455065250397,521,0,Is 7740 > 2273? Answer:
0,0,6,273,0.04951915889978409,0.2430935800075531,521,0,Is 7740 > 2273? Answer:
0,1,2, 77,0.09996607899665833,0.4416459798812866,521,0,Is 7740 > 2273? Answer:
0,1,3,40,0.06711020320653915,0.34277498722076416,521,0,Is 7740 > 2273? Answer:
0,1,5, 2,0.07089921832084656,0.3450327217578888,521,0,Is 7740 > 2273? Answer:
0,1,6,273,0.07201971858739853,0.3239128291606903,521,0,Is 7740 > 2273? Answer:
0,2,2, 77,0.1161893978714943,0.9931267499923706,521,0,Is 7740 > 2273? Answer:
0,2,3,40,0.10072165727615356,0.9981269240379333,521,0,Is 7740 > 2273? Answer:
0,2,5, 2,0.103024922311306,0.967563807964325,521,0,Is 7740 > 2273? Answer:
0,2,6,273,0.06495942175388336,0.6464393138885498,521,0,Is 7740 > 2273? Answer:
0,3,2, 77,0.10013987869024277,0.9999963045120239,521,0,Is 7740 > 2273? Answer:
0,3,3,40,0.09998944401741028,0.9998855590820312,521,0,Is 7740 > 2273? Answer:
0,3,5, 2,0.09982172399759293,0.9979270696640015,521,0,Is 7740 > 2273? Answer:
0,3,6,273,0.09981992095708847,0.9981594681739807,521,0,Is 7740 > 2273? Answer:
0,4,2, 77,0.10042400658130646,0.40818721055984497,521,0,Is 7740 > 2273? Answer:
0,4,3,40,0.012947892770171165,0.04809102416038513,521,0,Is 7740 > 2273? Answer:
0,4,5, 2,0.05115318298339844,0.2605511546134949,521,0,Is 7740 > 2273? Answer:
0,4,6,273,0.02860894240438938,0.25689005851745605,521,0,Is 7740 > 2273? Answer:
0,5,2, 77,0.13881869614124298,0.9949544072151184,521,0,Is 7740 > 2273? Answer:
0,5,3,40,0.013531709089875221,0.12706899642944336,521,0,Is 7740 > 2273? Answer:
0,5,5, 2,0.11084966361522675,0.9400895237922668,521,0,Is 7740 > 2273? Answer:
0,5,6,273,0.022544730454683304,0.13904514908790588,521,0,Is 7740 > 2273? Answer:
0,6,2, 77,0.10678770393133163,0.16662512719631195,521,0,Is 7740 > 2273? Answer:
0,6,3,40,0.1637752503156662,0.44041189551353455,521,0,Is 7740 > 2273? Answer:
0,6,5, 2,0.0747622698545456,0.19770711660385132,521,0,Is 7740 > 2273? Answer:
0,6,6,273,0.03149097040295601,0.117205411195755,521,0,Is 7740 > 2273? Answer:
0,7,2, 77,0.15495185554027557,0.7729949951171875,521,0,Is 7740 > 2273? Answer:
0,7,3,40,0.037761494517326355,0.21072937548160553,521,0,Is 7740 > 2273? Answer:
0,7,5, 2,0.11557073891162872,0.8465381264686584,521,0,Is 7740 > 2273? Answer:
0,7,6,273,0.009297613985836506,0.050518717616796494,521,0,Is 7740 > 2273? Answer:
1,0,2, 77,0.09562356770038605,0.7115469574928284,521,0,Is 7740 > 2273? Answer:
1,0,3,40,0.06315842270851135,0.452333927154541,521,0,Is 7740 > 2273? Answer:
1,0,5, 2,0.018115554004907608,0.10815028846263885,521,0,Is 7740 > 2273? Answer:
1,0,6,273,0.07317612320184708,0.6724793314933777,521,0,Is 7740 > 2273? Answer:
1,1,2, 77,0.1136775016784668,0.7372447848320007,521,0,Is 7740 > 2273? Answer:
1,1,3,40,0.06182767078280449,0.35104480385780334,521,0,Is 7740 > 2273? Answer:
1,1,5, 2,0.10218705981969833,0.7644455432891846,521,0,Is 7740 > 2273? Answer:
1,1,6,273,0.06650013476610184,0.49454280734062195,521,0,Is 7740 > 2273? Answer:
1,2,2, 77,0.0796552523970604,0.2824290096759796,521,0,Is 7740 > 2273? Answer:
1,2,3,40,0.06387678533792496,0.36348757147789,521,0,Is 7740 > 2273? Answer:
1,2,5, 2,0.17281149327754974,0.8400391340255737,521,0,Is 7740 > 2273? Answer:
1,2,6,273,0.02219991944730282,0.10277072340250015,521,0,Is 7740 > 2273? Answer:
1,3,2, 77,0.08713389933109283,0.2659171521663666,521,0,Is 7740 > 2273? Answer:
1,3,3,40,0.07846402376890182,0.23570188879966736,521,0,Is 7740 > 2273? Answer:
1,3,5, 2,0.052286822348833084,0.18766659498214722,521,0,Is 7740 > 2273? Answer:
1,3,6,273,0.0654817447066307,0.24081246554851532,521,0,Is 7740 > 2273? Answer:
1,4,2, 77,0.24155893921852112,0.48416510224342346,521,0,Is 7740 > 2273? Answer:
1,4,3,40,0.0838179737329483,0.16904209554195404,521,0,Is 7740 > 2273? Answer:
1,4,5, 2,0.04123595729470253,0.11535884439945221,521,0,Is 7740 > 2273? Answer:
1,4,6,273,0.029750674962997437,0.1492326408624649,521,0,Is 7740 > 2273? Answer:
1,5,2, 77,0.14676275849342346,0.28452640771865845,521,0,Is 7740 > 2273? Answer:
1,5,3,40,0.10012080520391464,0.19962801039218903,521,0,Is 7740 > 2273? Answer:
1,5,5, 2,0.045538123697042465,0.1195514127612114,521,0,Is 7740 > 2273? Answer:
1,5,6,273,0.07401031255722046,0.22274181246757507,521,0,Is 7740 > 2273? Answer:
1,6,2, 77,0.19294269382953644,0.7433474063873291,521,0,Is 7740 > 2273? Answer:
1,6,3,40,0.0828731507062912,0.3865646719932556,521,0,Is 7740 > 2273? Answer:
1,6,5, 2,0.11005116999149323,0.48682674765586853,521,0,Is 7740 > 2273? Answer:
1,6,6,273,0.07749903202056885,0.3582765460014343,521,0,Is 7740 > 2273? Answer:
1,7,2, 77,0.11989734321832657,0.4601863920688629,521,0,Is 7740 > 2273? Answer:
1,7,3,40,0.1558363139629364,0.6721863746643066,521,0,Is 7740 > 2273? Answer:
1,7,5, 2,0.06173916533589363,0.21988502144813538,521,0,Is 7740 > 2273? Answer:
1,7,6,273,0.04374633729457855,0.2533986568450928,521,0,Is 7740 > 2273? Answer:
2,0,2, 77,0.09239735454320908,0.20467080175876617,521,0,Is 7740 > 2273? Answer:
2,0,3,40,0.06251835823059082,0.1629951298236847,521,0,Is 7740 > 2273? Answer:
2,0,5, 2,0.08482475578784943,0.22713294625282288,521,0,Is 7740 > 2273? Answer:
2,0,6,273,0.05254926532506943,0.15382976830005646,521,0,Is 7740 > 2273? Answer:
2,1,2, 77,0.1282009482383728,0.2878206968307495,521,0,Is 7740 > 2273? Answer:
2,1,3,40,0.0951031744480133,0.21722520887851715,521,0,Is 7740 > 2273? Answer:
2,1,5, 2,0.08329036086797714,0.20365752279758453,521,0,Is 7740 > 2273? Answer:
2,1,6,273,0.07487774640321732,0.2444339394569397,521,0,Is 7740 > 2273? Answer:
2,2,2, 77,0.10924841463565826,0.4082474112510681,521,0,Is 7740 > 2273? Answer:
2,2,3,40,0.06132889911532402,0.2493252009153366,521,0,Is 7740 > 2273? Answer:
2,2,5, 2,0.07314237952232361,0.20906458795070648,521,0,Is 7740 > 2273? Answer:
2,2,6,273,0.04938459023833275,0.1769872009754181,521,0,Is 7740 > 2273? Answer:
2,3,2, 77,0.08948548883199692,0.18023966252803802,521,0,Is 7740 > 2273? Answer:
2,3,3,40,0.10530807077884674,0.2903969883918762,521,0,Is 7740 > 2273? Answer:
2,3,5, 2,0.06932824850082397,0.2582536041736603,521,0,Is 7740 > 2273? Answer:
2,3,6,273,0.08025020360946655,0.31457918882369995,521,0,Is 7740 > 2273? Answer:
2,4,2, 77,0.06413817405700684,0.31174328923225403,521,0,Is 7740 > 2273? Answer:
2,4,3,40,0.11154735088348389,0.6649609208106995,521,0,Is 7740 > 2273? Answer:
2,4,5, 2,0.06117641180753708,0.2635713815689087,521,0,Is 7740 > 2273? Answer:
2,4,6,273,0.07462277263402939,0.42188000679016113,521,0,Is 7740 > 2273? Answer:
2,5,2, 77,0.11174969375133514,0.27809426188468933,521,0,Is 7740 > 2273? Answer:
2,5,3,40,0.0700114518404007,0.16525216400623322,521,0,Is 7740 > 2273? Answer:
2,5,5, 2,0.05347036197781563,0.13133032619953156,521,0,Is 7740 > 2273? Answer:
2,5,6,273,0.04709043353796005,0.1484796702861786,521,0,Is 7740 > 2273? Answer:
2,6,2, 77,0.10145668685436249,0.9991160035133362,521,0,Is 7740 > 2273? Answer:
2,6,3,40,0.10193461179733276,0.9903832077980042,521,0,Is 7740 > 2273? Answer:
2,6,5, 2,0.0964527577161789,0.7216816544532776,521,0,Is 7740 > 2273? Answer:
2,6,6,273,0.06203986331820488,0.5797595977783203,521,0,Is 7740 > 2273? Answer:
2,7,2, 77,0.10941863059997559,0.944668710231781,521,0,Is 7740 > 2273? Answer:
2,7,3,40,0.09091294556856155,0.8358808755874634,521,0,Is 7740 > 2273? Answer:
2,7,5, 2,0.10109834372997284,0.9160993099212646,521,0,Is 7740 > 2273? Answer:
2,7,6,273,0.08299538493156433,0.770785927772522,521,0,Is 7740 > 2273? Answer:
3,0,2, 77,0.0657469853758812,0.657276451587677,521,0,Is 7740 > 2273? Answer:
3,0,3,40,0.3235612213611603,0.9998898506164551,521,0,Is 7740 > 2273? Answer:
3,0,5, 2,0.00032075546914711595,0.00295391958206892,521,0,Is 7740 > 2273? Answer:
3,0,6,273,0.12341772019863129,0.8059695363044739,521,0,Is 7740 > 2273? Answer:
3,1,2, 77,0.02371586114168167,0.23703710734844208,521,0,Is 7740 > 2273? Answer:
3,1,3,40,0.319039911031723,0.9998372793197632,521,0,Is 7740 > 2273? Answer:
3,1,5, 2,0.00025387463392689824,0.0009080991731025279,521,0,Is 7740 > 2273? Answer:
3,1,6,273,0.14856278896331787,0.8765057325363159,521,0,Is 7740 > 2273? Answer:
3,2,2, 77,0.0665145143866539,0.3570288121700287,521,0,Is 7740 > 2273? Answer:
3,2,3,40,0.18812236189842224,0.7538760900497437,521,0,Is 7740 > 2273? Answer:
3,2,5, 2,0.026635969057679176,0.11787913739681244,521,0,Is 7740 > 2273? Answer:
3,2,6,273,0.1096176877617836,0.5033456087112427,521,0,Is 7740 > 2273? Answer:
3,3,2, 77,0.008701816201210022,0.08698075264692307,521,0,Is 7740 > 2273? Answer:
3,3,3,40,0.3650057017803192,0.9999672174453735,521,0,Is 7740 > 2273? Answer:
3,3,5, 2,1.8591538264445262e-06,1.3819198102282826e-05,521,0,Is 7740 > 2273? Answer:
3,3,6,273,0.16681385040283203,0.7151772975921631,521,0,Is 7740 > 2273? Answer:
3,4,2, 77,0.06778226792812347,0.4185723662376404,521,0,Is 7740 > 2273? Answer:
3,4,3,40,0.12034229934215546,0.7169018983840942,521,0,Is 7740 > 2273? Answer:
3,4,5, 2,0.07550555467605591,0.3618220090866089,521,0,Is 7740 > 2273? Answer:
3,4,6,273,0.09853293746709824,0.5294244289398193,521,0,Is 7740 > 2273? Answer:
3,5,2, 77,0.029423141852021217,0.25162723660469055,521,0,Is 7740 > 2273? Answer:
3,5,3,40,0.39521852135658264,0.9828899502754211,521,0,Is 7740 > 2273? Answer:
3,5,5, 2,0.0014358035987243056,0.004193982575088739,521,0,Is 7740 > 2273? Answer:
3,5,6,273,0.15469983220100403,0.5584986805915833,521,0,Is 7740 > 2273? Answer:
3,6,2, 77,0.0912812203168869,0.9124467968940735,521,0,Is 7740 > 2273? Answer:
3,6,3,40,0.37400609254837036,0.9998075366020203,521,0,Is 7740 > 2273? Answer:
3,6,5, 2,5.502690328285098e-05,0.0001681998692220077,521,0,Is 7740 > 2273? Answer:
3,6,6,273,0.1429731547832489,0.666842520236969,521,0,Is 7740 > 2273? Answer:
3,7,2, 77,0.02974603697657585,0.16272090375423431,521,0,Is 7740 > 2273? Answer:
3,7,3,40,0.33381375670433044,0.9104005098342896,521,0,Is 7740 > 2273? Answer:
3,7,5, 2,0.007074887398630381,0.0318983756005764,521,0,Is 7740 > 2273? Answer:
3,7,6,273,0.13379555940628052,0.540559709072113,521,0,Is 7740 > 2273? Answer:
4,0,2, 77,0.0005019232048653066,0.002677577082067728,521,0,Is 7740 > 2273? Answer:
4,0,3,40,0.19245880842208862,0.974758505821228,521,0,Is 7740 > 2273? Answer:
4,0,5, 2,1.3161899232727592e-06,8.341000466316473e-06,521,0,Is 7740 > 2273? Answer:
4,0,6,273,0.01596722938120365,0.07825026661157608,521,0,Is 7740 > 2273? Answer:
4,1,2, 77,5.627621430903673e-05,0.00041105732088908553,521,0,Is 7740 > 2273? Answer:
4,1,3,40,0.3639298975467682,0.9999071359634399,521,0,Is 7740 > 2273? Answer:
4,1,5, 2,0.00029695796547457576,0.0025283158756792545,521,0,Is 7740 > 2273? Answer:
4,1,6,273,0.07728032767772675,0.5169084668159485,521,0,Is 7740 > 2273? Answer:
4,2,2, 77,1.1186116211092667e-07,3.6427871918931487e-07,521,0,Is 7740 > 2273? Answer:
4,2,3,40,0.331585556268692,0.9997212290763855,521,0,Is 7740 > 2273? Answer:
4,2,5, 2,9.143454917648342e-06,4.679114863392897e-05,521,0,Is 7740 > 2273? Answer:
4,2,6,273,0.09200491011142731,0.7324339747428894,521,0,Is 7740 > 2273? Answer:
4,3,2, 77,3.1587525928244986e-09,3.1015808588108484e-08,521,0,Is 7740 > 2273? Answer:
4,3,3,40,0.30820560455322266,0.9999998807907104,521,0,Is 7740 > 2273? Answer:
4,3,5, 2,2.3645204905164974e-08,2.0227106745096535e-07,521,0,Is 7740 > 2273? Answer:
4,3,6,273,0.09327776730060577,0.9180236458778381,521,0,Is 7740 > 2273? Answer:
4,4,2, 77,5.104068804939743e-06,3.50719565176405e-05,521,0,Is 7740 > 2273? Answer:
4,4,3,40,0.3665355145931244,0.9999829530715942,521,0,Is 7740 > 2273? Answer:
4,4,5, 2,1.3118756214680616e-06,9.344729733129498e-06,521,0,Is 7740 > 2273? Answer:
4,4,6,273,0.05048700422048569,0.4157907962799072,521,0,Is 7740 > 2273? Answer:
4,5,2, 77,5.640769131787238e-07,5.426919415185694e-06,521,0,Is 7740 > 2273? Answer:
4,5,3,40,0.2018851339817047,0.9999954700469971,521,0,Is 7740 > 2273? Answer:
4,5,5, 2,3.902337937233824e-07,2.310842546648928e-06,521,0,Is 7740 > 2273? Answer:
4,5,6,273,0.027435118332505226,0.1245102658867836,521,0,Is 7740 > 2273? Answer:
4,6,2, 77,0.00612583477050066,0.033929768949747086,521,0,Is 7740 > 2273? Answer:
4,6,3,40,0.3622363805770874,0.9938063621520996,521,0,Is 7740 > 2273? Answer:
4,6,5, 2,2.0516147808402607e-11,1.2788460568291526e-10,521,0,Is 7740 > 2273? Answer:
4,6,6,273,0.05743972584605217,0.28707441687583923,521,0,Is 7740 > 2273? Answer:
4,7,2, 77,0.041986651718616486,0.26574206352233887,521,0,Is 7740 > 2273? Answer:
4,7,3,40,0.268671452999115,0.9983015060424805,521,0,Is 7740 > 2273? Answer:
4,7,5, 2,3.409261262277141e-05,0.00020111330377403647,521,0,Is 7740 > 2273? Answer:
4,7,6,273,0.08859412372112274,0.5879147052764893,521,0,Is 7740 > 2273? Answer:
5,0,2, 77,0.04371535778045654,0.4271391034126282,521,0,Is 7740 > 2273? Answer:
5,0,3,40,0.2811720073223114,0.9982137680053711,521,0,Is 7740 > 2273? Answer:
5,0,5, 2,0.0032557756640017033,0.019191371276974678,521,0,Is 7740 > 2273? Answer:
5,0,6,273,0.10119525343179703,0.8033863306045532,521,0,Is 7740 > 2273? Answer:
5,1,2, 77,6.908387877047062e-05,0.0003921774623449892,521,0,Is 7740 > 2273? Answer:
5,1,3,40,0.32093125581741333,0.9999384880065918,521,0,Is 7740 > 2273? Answer:
5,1,5, 2,0.0001420791377313435,0.0012966699432581663,521,0,Is 7740 > 2273? Answer:
5,1,6,273,0.17200705409049988,0.8901020288467407,521,0,Is 7740 > 2273? Answer:
5,2,2, 77,0.10003413259983063,0.9999270439147949,521,0,Is 7740 > 2273? Answer:
5,2,3,40,0.2999356985092163,0.9999998807907104,521,0,Is 7740 > 2273? Answer:
5,2,5, 2,0.0019292589277029037,0.01876029558479786,521,0,Is 7740 > 2273? Answer:
5,2,6,273,0.19142398238182068,0.9811976552009583,521,0,Is 7740 > 2273? Answer:
5,3,2, 77,0.17051124572753906,0.9998268485069275,521,0,Is 7740 > 2273? Answer:
5,3,3,40,0.21579937636852264,0.996935248374939,521,0,Is 7740 > 2273? Answer:
5,3,5, 2,0.06407390534877777,0.5067732930183411,521,0,Is 7740 > 2273? Answer:
5,3,6,273,0.12107717990875244,0.49006253480911255,521,0,Is 7740 > 2273? Answer:
5,4,2, 77,0.036637429147958755,0.3656828999519348,521,0,Is 7740 > 2273? Answer:
5,4,3,40,0.2634309232234955,0.9999996423721313,521,0,Is 7740 > 2273? Answer:
5,4,5, 2,0.10696859657764435,0.9921516180038452,521,0,Is 7740 > 2273? Answer:
5,4,6,273,0.03237928822636604,0.3151549994945526,521,0,Is 7740 > 2273? Answer:
5,5,2, 77,0.1219664067029953,0.6248154044151306,521,0,Is 7740 > 2273? Answer:
5,5,3,40,0.20520305633544922,0.9998502731323242,521,0,Is 7740 > 2273? Answer:
5,5,5, 2,0.0008460624958388507,0.006774726789444685,521,0,Is 7740 > 2273? Answer:
5,5,6,273,0.022277021780610085,0.08819985389709473,521,0,Is 7740 > 2273? Answer:
5,6,2, 77,1.562599152293842e-07,1.5625988680767477e-06,521,0,Is 7740 > 2273? Answer:
5,6,3,40,0.3000078797340393,1.0,521,0,Is 7740 > 2273? Answer:
5,6,5, 2,1.6531986890555572e-09,1.6531986446466362e-08,521,0,Is 7740 > 2273? Answer:
5,6,6,273,0.10064627230167389,0.9999237060546875,521,0,Is 7740 > 2273? Answer:
5,7,2, 77,0.18703876435756683,0.9995808005332947,521,0,Is 7740 > 2273? Answer:
5,7,3,40,0.0006384167354553938,0.005190051160752773,521,0,Is 7740 > 2273? Answer:
5,7,5, 2,0.12366602569818497,0.923814594745636,521,0,Is 7740 > 2273? Answer:
5,7,6,273,0.05990936607122421,0.5678964257240295,521,0,Is 7740 > 2273? Answer:
0,0,2, 3,0.061430931091308594,0.16361849009990692,737,0,Is 3648 > 56? Answer:
0,0,3,648,0.09265166521072388,0.3147726356983185,737,0,Is 3648 > 56? Answer:
0,0,5, 56,0.03220333904027939,0.14852839708328247,737,0,Is 3648 > 56? Answer:
0,1,2, 3,0.09082408994436264,0.33718201518058777,737,0,Is 3648 > 56? Answer:
0,1,3,648,0.09795965254306793,0.43897590041160583,737,0,Is 3648 > 56? Answer:
0,1,5, 56,0.07929206639528275,0.3550144135951996,737,0,Is 3648 > 56? Answer:
0,2,2, 3,0.1141509860754013,0.9960909485816956,737,0,Is 3648 > 56? Answer:
0,2,3,648,0.11109337210655212,0.9952887296676636,737,0,Is 3648 > 56? Answer:
0,2,5, 56,0.11154704540967941,0.9923783540725708,737,0,Is 3648 > 56? Answer:
0,3,2, 3,0.11110403388738632,0.9998807907104492,737,0,Is 3648 > 56? Answer:
0,3,3,648,0.11109903454780579,0.9998822212219238,737,0,Is 3648 > 56? Answer:
0,3,5, 56,0.11111439764499664,0.9999644756317139,737,0,Is 3648 > 56? Answer:
0,4,2, 3,0.2054065614938736,0.6263335943222046,737,0,Is 3648 > 56? Answer:
0,4,3,648,0.009601774625480175,0.039828747510910034,737,0,Is 3648 > 56? Answer:
0,4,5, 56,0.00379127892665565,0.017685186117887497,737,0,Is 3648 > 56? Answer:
0,5,2, 3,0.16907094419002533,0.991142988204956,737,0,Is 3648 > 56? Answer:
0,5,3,648,0.06220119446516037,0.36950603127479553,737,0,Is 3648 > 56? Answer:
0,5,5, 56,0.03427668288350105,0.24329276382923126,737,0,Is 3648 > 56? Answer:
0,6,2, 3,0.13502036035060883,0.24354729056358337,737,0,Is 3648 > 56? Answer:
0,6,3,648,0.04490512236952782,0.15941335260868073,737,0,Is 3648 > 56? Answer:
0,6,5, 56,0.08901628851890564,0.35406234860420227,737,0,Is 3648 > 56? Answer:
0,7,2, 3,0.1319664865732193,0.8194449543952942,737,0,Is 3648 > 56? Answer:
0,7,3,648,0.07540667057037354,0.488036185503006,737,0,Is 3648 > 56? Answer:
0,7,5, 56,0.024038376286625862,0.11574961990118027,737,0,Is 3648 > 56? Answer:
1,0,2, 3,0.06601124256849289,0.3072529733181,737,0,Is 3648 > 56? Answer:
1,0,3,648,0.048222362995147705,0.32009708881378174,737,0,Is 3648 > 56? Answer:
1,0,5, 56,0.02839389443397522,0.2280673086643219,737,0,Is 3648 > 56? Answer:
1,1,2, 3,0.1058807522058487,0.7205924391746521,737,0,Is 3648 > 56? Answer:
1,1,3,648,0.049067750573158264,0.24833989143371582,737,0,Is 3648 > 56? Answer:
1,1,5, 56,0.10482856631278992,0.6665399074554443,737,0,Is 3648 > 56? Answer:
1,2,2, 3,0.08108331263065338,0.33331552147865295,737,0,Is 3648 > 56? Answer:
1,2,3,648,0.11048119515180588,0.4523790776729584,737,0,Is 3648 > 56? Answer:
1,2,5, 56,0.09260302037000656,0.43441951274871826,737,0,Is 3648 > 56? Answer:
1,3,2, 3,0.0749259665608406,0.24024151265621185,737,0,Is 3648 > 56? Answer:
1,3,3,648,0.09257822483778,0.2770298719406128,737,0,Is 3648 > 56? Answer:
1,3,5, 56,0.07489737868309021,0.24823202192783356,737,0,Is 3648 > 56? Answer:
1,4,2, 3,0.21780487895011902,0.5042027831077576,737,0,Is 3648 > 56? Answer:
1,4,3,648,0.05617276951670647,0.19212177395820618,737,0,Is 3648 > 56? Answer:
1,4,5, 56,0.10726866871118546,0.37563809752464294,737,0,Is 3648 > 56? Answer:
1,5,2, 3,0.10940656065940857,0.2373443841934204,737,0,Is 3648 > 56? Answer:
1,5,3,648,0.13523536920547485,0.2676563262939453,737,0,Is 3648 > 56? Answer:
1,5,5, 56,0.08267511427402496,0.24058234691619873,737,0,Is 3648 > 56? Answer:
1,6,2, 3,0.17960022389888763,0.7059617638587952,737,0,Is 3648 > 56? Answer:
1,6,3,648,0.08261299133300781,0.3091052174568176,737,0,Is 3648 > 56? Answer:
1,6,5, 56,0.10550601035356522,0.3942970335483551,737,0,Is 3648 > 56? Answer:
1,7,2, 3,0.15672500431537628,0.5962964296340942,737,0,Is 3648 > 56? Answer:
1,7,3,648,0.10365250706672668,0.5096109509468079,737,0,Is 3648 > 56? Answer:
1,7,5, 56,0.06862398982048035,0.28637805581092834,737,0,Is 3648 > 56? Answer:
2,0,2, 3,0.12853248417377472,0.3304156959056854,737,0,Is 3648 > 56? Answer:
2,0,3,648,0.09269072860479355,0.23931534588336945,737,0,Is 3648 > 56? Answer:
2,0,5, 56,0.07553349435329437,0.20091693103313446,737,0,Is 3648 > 56? Answer:
2,1,2, 3,0.12002740800380707,0.23491759598255157,737,0,Is 3648 > 56? Answer:
2,1,3,648,0.11505702883005142,0.2443750947713852,737,0,Is 3648 > 56? Answer:
2,1,5, 56,0.0898113027215004,0.2795763313770294,737,0,Is 3648 > 56? Answer:
2,2,2, 3,0.1250779926776886,0.49655091762542725,737,0,Is 3648 > 56? Answer:
2,2,3,648,0.13325321674346924,0.46838444471359253,737,0,Is 3648 > 56? Answer:
2,2,5, 56,0.060908690094947815,0.16656284034252167,737,0,Is 3648 > 56? Answer:
2,3,2, 3,0.10879455506801605,0.2529633045196533,737,0,Is 3648 > 56? Answer:
2,3,3,648,0.10516612976789474,0.2528762221336365,737,0,Is 3648 > 56? Answer:
2,3,5, 56,0.09663426131010056,0.3405199944972992,737,0,Is 3648 > 56? Answer:
2,4,2, 3,0.051041439175605774,0.20149579644203186,737,0,Is 3648 > 56? Answer:
2,4,3,648,0.10872900485992432,0.6304615139961243,737,0,Is 3648 > 56? Answer:
2,4,5, 56,0.08051586896181107,0.3294828236103058,737,0,Is 3648 > 56? Answer:
2,5,2, 3,0.13795609772205353,0.32851341366767883,737,0,Is 3648 > 56? Answer:
2,5,3,648,0.09155023843050003,0.21233172714710236,737,0,Is 3648 > 56? Answer:
2,5,5, 56,0.05000840872526169,0.133640319108963,737,0,Is 3648 > 56? Answer:
2,6,2, 3,0.11555870622396469,0.9998515844345093,737,0,Is 3648 > 56? Answer:
2,6,3,648,0.12819260358810425,0.9696871042251587,737,0,Is 3648 > 56? Answer:
2,6,5, 56,0.03302140161395073,0.2840583920478821,737,0,Is 3648 > 56? Answer:
2,7,2, 3,0.11202102154493332,0.9252687096595764,737,0,Is 3648 > 56? Answer:
2,7,3,648,0.10841697454452515,0.8957800269126892,737,0,Is 3648 > 56? Answer:
2,7,5, 56,0.0987834632396698,0.828040599822998,737,0,Is 3648 > 56? Answer:
3,0,2, 3,0.06059405580163002,0.5453271269798279,737,0,Is 3648 > 56? Answer:
3,0,3,648,0.3828640580177307,0.9999837875366211,737,0,Is 3648 > 56? Answer:
3,0,5, 56,0.008549169637262821,0.05369589105248451,737,0,Is 3648 > 56? Answer:
3,1,2, 3,0.03641347959637642,0.3276982307434082,737,0,Is 3648 > 56? Answer:
3,1,3,648,0.38670459389686584,0.9999978542327881,737,0,Is 3648 > 56? Answer:
3,1,5, 56,0.007841617800295353,0.04161040484905243,737,0,Is 3648 > 56? Answer:
3,2,2, 3,0.06231183558702469,0.28095513582229614,737,0,Is 3648 > 56? Answer:
3,2,3,648,0.2172287106513977,0.8402047157287598,737,0,Is 3648 > 56? Answer:
3,2,5, 56,0.0791592225432396,0.3258611857891083,737,0,Is 3648 > 56? Answer:
3,3,2, 3,0.012617288157343864,0.11355481296777725,737,0,Is 3648 > 56? Answer:
3,3,3,648,0.48733752965927124,0.9999982118606567,737,0,Is 3648 > 56? Answer:
3,3,5, 56,0.0031594051979482174,0.01224163081496954,737,0,Is 3648 > 56? Answer:
3,4,2, 3,0.0748073160648346,0.4599216878414154,737,0,Is 3648 > 56? Answer:
3,4,3,648,0.14269010722637177,0.7707314491271973,737,0,Is 3648 > 56? Answer:
3,4,5, 56,0.1052187904715538,0.44623810052871704,737,0,Is 3648 > 56? Answer:
3,5,2, 3,0.025855930522084236,0.22253724932670593,737,0,Is 3648 > 56? Answer:
3,5,3,648,0.4656440019607544,0.9984378218650818,737,0,Is 3648 > 56? Answer:
3,5,5, 56,0.036740902811288834,0.1231541559100151,737,0,Is 3648 > 56? Answer:
3,6,2, 3,0.08855436742305756,0.7969524264335632,737,0,Is 3648 > 56? Answer:
3,6,3,648,0.47232261300086975,0.9999877214431763,737,0,Is 3648 > 56? Answer:
3,6,5, 56,0.007648044265806675,0.029534125700592995,737,0,Is 3648 > 56? Answer:
3,7,2, 3,0.027075225487351418,0.1957162767648697,737,0,Is 3648 > 56? Answer:
3,7,3,648,0.39768967032432556,0.9634895324707031,737,0,Is 3648 > 56? Answer:
3,7,5, 56,0.05291745439171791,0.193677619099617,737,0,Is 3648 > 56? Answer:
4,0,2, 3,0.005715430714190006,0.03055875189602375,737,0,Is 3648 > 56? Answer:
4,0,3,648,0.1376292109489441,0.9994651675224304,737,0,Is 3648 > 56? Answer:
4,0,5, 56,0.001271687331609428,0.005597866140305996,737,0,Is 3648 > 56? Answer:
4,1,2, 3,3.148196265101433e-05,0.0002627328794915229,737,0,Is 3648 > 56? Answer:
4,1,3,648,0.3823056221008301,0.9999998807907104,737,0,Is 3648 > 56? Answer:
4,1,5, 56,0.0037645783741027117,0.014725017361342907,737,0,Is 3648 > 56? Answer:
4,2,2, 3,2.495781359357352e-07,8.823531629786885e-07,737,0,Is 3648 > 56? Answer:
4,2,3,648,0.36639833450317383,0.9999998807907104,737,0,Is 3648 > 56? Answer:
4,2,5, 56,0.0016741108847782016,0.006020930130034685,737,0,Is 3648 > 56? Answer:
4,3,2, 3,2.8181332822896366e-07,2.5361373445775826e-06,737,0,Is 3648 > 56? Answer:
4,3,3,648,0.33526742458343506,1.0,737,0,Is 3648 > 56? Answer:
4,3,5, 56,0.00011595250543905422,0.0006825019372627139,737,0,Is 3648 > 56? Answer:
4,4,2, 3,2.1753527335022227e-07,1.0470516826899257e-06,737,0,Is 3648 > 56? Answer:
4,4,3,648,0.3836359977722168,0.9999183416366577,737,0,Is 3648 > 56? Answer:
4,4,5, 56,0.003037938615307212,0.012823544442653656,737,0,Is 3648 > 56? Answer:
4,5,2, 3,3.988915341324173e-05,0.00021463201846927404,737,0,Is 3648 > 56? Answer:
4,5,3,648,0.22439450025558472,0.9999998807907104,737,0,Is 3648 > 56? Answer:
4,5,5, 56,0.0010480511700734496,0.005109449382871389,737,0,Is 3648 > 56? Answer:
4,6,2, 3,1.5408480749101727e-06,8.677613550389651e-06,737,0,Is 3648 > 56? Answer:
4,6,3,648,0.36960309743881226,0.9990378618240356,737,0,Is 3648 > 56? Answer:
4,6,5, 56,0.013819267973303795,0.05623326078057289,737,0,Is 3648 > 56? Answer:
4,7,2, 3,0.013929090462625027,0.11812981218099594,737,0,Is 3648 > 56? Answer:
4,7,3,648,0.36651504039764404,0.9996833801269531,737,0,Is 3648 > 56? Answer:
4,7,5, 56,0.007070930674672127,0.029452413320541382,737,0,Is 3648 > 56? Answer:
5,0,2, 3,0.00043155791354365647,0.002319463063031435,737,0,Is 3648 > 56? Answer:
5,0,3,648,0.3235388398170471,0.9999428987503052,737,0,Is 3648 > 56? Answer:
5,0,5, 56,0.01426487136632204,0.10295730084180832,737,0,Is 3648 > 56? Answer:
5,1,2, 3,0.0013194249477237463,0.011835756711661816,737,0,Is 3648 > 56? Answer:
5,1,3,648,0.3670637905597687,0.9998302459716797,737,0,Is 3648 > 56? Answer:
5,1,5, 56,0.03636534512042999,0.2827608585357666,737,0,Is 3648 > 56? Answer:
5,2,2, 3,0.11106209456920624,0.9993184804916382,737,0,Is 3648 > 56? Answer:
5,2,3,648,0.22576655447483063,1.0,737,0,Is 3648 > 56? Answer:
5,2,5, 56,0.22000688314437866,0.9988179802894592,737,0,Is 3648 > 56? Answer:
5,3,2, 3,0.19253164529800415,0.993808925151825,737,0,Is 3648 > 56? Answer:
5,3,3,648,0.13625924289226532,0.9999816417694092,737,0,Is 3648 > 56? Answer:
5,3,5, 56,0.30862244963645935,0.9961044788360596,737,0,Is 3648 > 56? Answer:
5,4,2, 3,0.00178188004065305,0.01603691466152668,737,0,Is 3648 > 56? Answer:
5,4,3,648,0.3316575288772583,1.0,737,0,Is 3648 > 56? Answer:
5,4,5, 56,0.06049715727567673,0.5444043874740601,737,0,Is 3648 > 56? Answer:
5,5,2, 3,0.09680670499801636,0.8362279534339905,737,0,Is 3648 > 56? Answer:
5,5,3,648,0.23044385015964508,0.9999997615814209,737,0,Is 3648 > 56? Answer:
5,5,5, 56,0.04420040547847748,0.26432180404663086,737,0,Is 3648 > 56? Answer:
5,6,2, 3,9.141573173110373e-06,8.227415673900396e-05,737,0,Is 3648 > 56? Answer:
5,6,3,648,0.4667867422103882,1.0,737,0,Is 3648 > 56? Answer:
5,6,5, 56,1.564190199587756e-07,7.676032396375376e-07,737,0,Is 3648 > 56? Answer:
5,7,2, 3,0.21969518065452576,0.9946565628051758,737,0,Is 3648 > 56? Answer:
5,7,3,648,0.0005095883389003575,0.0032842345535755157,737,0,Is 3648 > 56? Answer:
5,7,5, 56,0.20397041738033295,0.915212094783783,737,0,Is 3648 > 56? Answer:
0,0,2, 4,0.05332140997052193,0.15087991952896118,740,0,Is 4055 > 7546? Answer:
0,0,3,055,0.1228392943739891,0.5488073229789734,740,0,Is 4055 > 7546? Answer:
0,0,5, 75,0.0257706381380558,0.08351660519838333,740,0,Is 4055 > 7546? Answer:
0,0,6,46,0.049362100660800934,0.23438675701618195,740,0,Is 4055 > 7546? Answer:
0,1,2, 4,0.09262057393789291,0.37767890095710754,740,0,Is 4055 > 7546? Answer:
0,1,3,055,0.08026611804962158,0.31876009702682495,740,0,Is 4055 > 7546? Answer:
0,1,5, 75,0.0678827166557312,0.28409066796302795,740,0,Is 4055 > 7546? Answer:
0,1,6,46,0.049688488245010376,0.2684517800807953,740,0,Is 4055 > 7546? Answer:
0,2,2, 4,0.13146205246448517,0.9987336993217468,740,0,Is 4055 > 7546? Answer:
0,2,3,055,0.09979625046253204,0.9874261617660522,740,0,Is 4055 > 7546? Answer:
0,2,5, 75,0.09340673685073853,0.9320579171180725,740,0,Is 4055 > 7546? Answer:
0,2,6,46,0.07767868787050247,0.7745656967163086,740,0,Is 4055 > 7546? Answer:
0,3,2, 4,0.1001158356666565,0.9999721050262451,740,0,Is 4055 > 7546? Answer:
0,3,3,055,0.0999881774187088,0.9998527765274048,740,0,Is 4055 > 7546? Answer:
0,3,5, 75,0.09989023953676224,0.9989014863967896,740,0,Is 4055 > 7546? Answer:
0,3,6,46,0.09985315054655075,0.9985285997390747,740,0,Is 4055 > 7546? Answer:
0,4,2, 4,0.18301284313201904,0.47162508964538574,740,0,Is 4055 > 7546? Answer:
0,4,3,055,0.024198070168495178,0.13793319463729858,740,0,Is 4055 > 7546? Answer:
0,4,5, 75,0.012365912087261677,0.0606965497136116,740,0,Is 4055 > 7546? Answer:
0,4,6,46,0.0015344752464443445,0.007399452850222588,740,0,Is 4055 > 7546? Answer:
0,5,2, 4,0.16214919090270996,0.9965332746505737,740,0,Is 4055 > 7546? Answer:
0,5,3,055,0.019386913627386093,0.10609370470046997,740,0,Is 4055 > 7546? Answer:
0,5,5, 75,0.10014738142490387,0.973089337348938,740,0,Is 4055 > 7546? Answer:
0,5,6,46,0.024033181369304657,0.2016410529613495,740,0,Is 4055 > 7546? Answer:
0,6,2, 4,0.11194237321615219,0.2293103188276291,740,0,Is 4055 > 7546? Answer:
0,6,3,055,0.06688686460256577,0.1883503943681717,740,0,Is 4055 > 7546? Answer:
0,6,5, 75,0.09430544078350067,0.329134464263916,740,0,Is 4055 > 7546? Answer:
0,6,6,46,0.04071919992566109,0.1393485963344574,740,0,Is 4055 > 7546? Answer:
0,7,2, 4,0.16565991938114166,0.7336198091506958,740,0,Is 4055 > 7546? Answer:
0,7,3,055,0.049097321927547455,0.23706336319446564,740,0,Is 4055 > 7546? Answer:
0,7,5, 75,0.055960435420274734,0.40675005316734314,740,0,Is 4055 > 7546? Answer:
0,7,6,46,0.028405454009771347,0.2422357052564621,740,0,Is 4055 > 7546? Answer:
1,0,2, 4,0.08047284185886383,0.36579498648643494,740,0,Is 4055 > 7546? Answer:
1,0,3,055,0.0899483859539032,0.6664103865623474,740,0,Is 4055 > 7546? Answer:
1,0,5, 75,0.03673446923494339,0.2756352722644806,740,0,Is 4055 > 7546? Answer:
1,0,6,46,0.01899009756743908,0.14064903557300568,740,0,Is 4055 > 7546? Answer:
1,1,2, 4,0.08610140532255173,0.6406617164611816,740,0,Is 4055 > 7546? Answer:
1,1,3,055,0.06963488459587097,0.3634202182292938,740,0,Is 4055 > 7546? Answer:
1,1,5, 75,0.10298850387334824,0.7551296353340149,740,0,Is 4055 > 7546? Answer:
1,1,6,46,0.07100214064121246,0.5109326839447021,740,0,Is 4055 > 7546? Answer:
1,2,2, 4,0.04948661848902702,0.24210557341575623,740,0,Is 4055 > 7546? Answer:
1,2,3,055,0.07498787343502045,0.33057355880737305,740,0,Is 4055 > 7546? Answer:
1,2,5, 75,0.0956101045012474,0.5997902750968933,740,0,Is 4055 > 7546? Answer:
1,2,6,46,0.0897410586476326,0.5380301475524902,740,0,Is 4055 > 7546? Answer:
1,3,2, 4,0.06833529472351074,0.2563581168651581,740,0,Is 4055 > 7546? Answer:
1,3,3,055,0.08140870928764343,0.24415667355060577,740,0,Is 4055 > 7546? Answer:
1,3,5, 75,0.07612171024084091,0.33202511072158813,740,0,Is 4055 > 7546? Answer:
1,3,6,46,0.0662536695599556,0.2481382042169571,740,0,Is 4055 > 7546? Answer:
1,4,2, 4,0.1761617213487625,0.42117854952812195,740,0,Is 4055 > 7546? Answer:
1,4,3,055,0.08356254547834396,0.208505779504776,740,0,Is 4055 > 7546? Answer:
1,4,5, 75,0.09800305217504501,0.2745305299758911,740,0,Is 4055 > 7546? Answer:
1,4,6,46,0.023130100220441818,0.0832856073975563,740,0,Is 4055 > 7546? Answer:
1,5,2, 4,0.09840613603591919,0.21358469128608704,740,0,Is 4055 > 7546? Answer:
1,5,3,055,0.14012035727500916,0.2610858976840973,740,0,Is 4055 > 7546? Answer:
1,5,5, 75,0.0799982026219368,0.2172785848379135,740,0,Is 4055 > 7546? Answer:
1,5,6,46,0.04741811752319336,0.14696717262268066,740,0,Is 4055 > 7546? Answer:
1,6,2, 4,0.15883095562458038,0.7729474306106567,740,0,Is 4055 > 7546? Answer:
1,6,3,055,0.12396548688411713,0.6677887439727783,740,0,Is 4055 > 7546? Answer:
1,6,5, 75,0.13808593153953552,0.5789861083030701,740,0,Is 4055 > 7546? Answer:
1,6,6,46,0.07594884932041168,0.3071199953556061,740,0,Is 4055 > 7546? Answer:
1,7,2, 4,0.09492485225200653,0.27132493257522583,740,0,Is 4055 > 7546? Answer:
1,7,3,055,0.15263406932353973,0.6088495254516602,740,0,Is 4055 > 7546? Answer:
1,7,5, 75,0.07573926448822021,0.3347552716732025,740,0,Is 4055 > 7546? Answer:
1,7,6,46,0.03356270119547844,0.13802455365657806,740,0,Is 4055 > 7546? Answer:
2,0,2, 4,0.14614573121070862,0.3911236524581909,740,0,Is 4055 > 7546? Answer:
2,0,3,055,0.08697289228439331,0.24330566823482513,740,0,Is 4055 > 7546? Answer:
2,0,5, 75,0.07314008474349976,0.20705357193946838,740,0,Is 4055 > 7546? Answer:
2,0,6,46,0.05059818550944328,0.15945231914520264,740,0,Is 4055 > 7546? Answer:
2,1,2, 4,0.13188299536705017,0.2871426045894623,740,0,Is 4055 > 7546? Answer:
2,1,3,055,0.11335144191980362,0.24829863011837006,740,0,Is 4055 > 7546? Answer:
2,1,5, 75,0.07883884757757187,0.20476949214935303,740,0,Is 4055 > 7546? Answer:
2,1,6,46,0.06641066074371338,0.21666991710662842,740,0,Is 4055 > 7546? Answer:
2,2,2, 4,0.15136225521564484,0.597053587436676,740,0,Is 4055 > 7546? Answer:
2,2,3,055,0.09726957231760025,0.3854452967643738,740,0,Is 4055 > 7546? Answer:
2,2,5, 75,0.05489199608564377,0.15063203871250153,740,0,Is 4055 > 7546? Answer:
2,2,6,46,0.03470171242952347,0.13231821358203888,740,0,Is 4055 > 7546? Answer:
2,3,2, 4,0.08805158734321594,0.2524016797542572,740,0,Is 4055 > 7546? Answer:
2,3,3,055,0.12240618467330933,0.39440086483955383,740,0,Is 4055 > 7546? Answer:
2,3,5, 75,0.11673261970281601,0.43500006198883057,740,0,Is 4055 > 7546? Answer:
2,3,6,46,0.07674981653690338,0.280658096075058,740,0,Is 4055 > 7546? Answer:
2,4,2, 4,0.07835259288549423,0.35866406559944153,740,0,Is 4055 > 7546? Answer:
2,4,3,055,0.10870997607707977,0.6262263655662537,740,0,Is 4055 > 7546? Answer:
2,4,5, 75,0.04879961907863617,0.22676493227481842,740,0,Is 4055 > 7546? Answer:
2,4,6,46,0.08635099977254868,0.4454605281352997,740,0,Is 4055 > 7546? Answer:
2,5,2, 4,0.1325989067554474,0.3536248505115509,740,0,Is 4055 > 7546? Answer:
2,5,3,055,0.11050031334161758,0.21000373363494873,740,0,Is 4055 > 7546? Answer:
2,5,5, 75,0.04864393174648285,0.11866942048072815,740,0,Is 4055 > 7546? Answer:
2,5,6,46,0.03524583578109741,0.1008097231388092,740,0,Is 4055 > 7546? Answer:
2,6,2, 4,0.13563422858715057,0.9999696016311646,740,0,Is 4055 > 7546? Answer:
2,6,3,055,0.09301207959651947,0.7206474542617798,740,0,Is 4055 > 7546? Answer:
2,6,5, 75,0.003275912720710039,0.024247126653790474,740,0,Is 4055 > 7546? Answer:
2,6,6,46,0.04486789554357529,0.43446555733680725,740,0,Is 4055 > 7546? Answer:
2,7,2, 4,0.1100427508354187,0.9188457727432251,740,0,Is 4055 > 7546? Answer:
2,7,3,055,0.0912751853466034,0.8304167985916138,740,0,Is 4055 > 7546? Answer:
2,7,5, 75,0.09809471666812897,0.916730523109436,740,0,Is 4055 > 7546? Answer:
2,7,6,46,0.08647092431783676,0.79544597864151,740,0,Is 4055 > 7546? Answer:
3,0,2, 4,0.09500015527009964,0.9499000310897827,740,0,Is 4055 > 7546? Answer:
3,0,3,055,0.44499045610427856,0.9999628067016602,740,0,Is 4055 > 7546? Answer:
3,0,5, 75,9.866447726381011e-06,4.3645977712003514e-05,740,0,Is 4055 > 7546? Answer:
3,0,6,46,0.014622868970036507,0.08559532463550568,740,0,Is 4055 > 7546? Answer:
3,1,2, 4,0.023926202207803726,0.2392340749502182,740,0,Is 4055 > 7546? Answer:
3,1,3,055,0.4457663893699646,0.9999721050262451,740,0,Is 4055 > 7546? Answer:
3,1,5, 75,1.9835832063108683e-05,7.319054566323757e-05,740,0,Is 4055 > 7546? Answer:
3,1,6,46,0.010900753550231457,0.05357133224606514,740,0,Is 4055 > 7546? Answer:
3,2,2, 4,0.056359510868787766,0.2733082175254822,740,0,Is 4055 > 7546? Answer:
3,2,3,055,0.21942099928855896,0.8388702869415283,740,0,Is 4055 > 7546? Answer:
3,2,5, 75,0.02514706179499626,0.10861492156982422,740,0,Is 4055 > 7546? Answer:
3,2,6,46,0.06594015657901764,0.2988395094871521,740,0,Is 4055 > 7546? Answer:
3,3,2, 4,0.013309555128216743,0.13309335708618164,740,0,Is 4055 > 7546? Answer:
3,3,3,055,0.5482780337333679,0.9999953508377075,740,0,Is 4055 > 7546? Answer:
3,3,5, 75,2.798752120725112e-06,8.344231900991872e-06,740,0,Is 4055 > 7546? Answer:
3,3,6,46,0.009464137256145477,0.033766839653253555,740,0,Is 4055 > 7546? Answer:
3,4,2, 4,0.07458312809467316,0.49765416979789734,740,0,Is 4055 > 7546? Answer:
3,4,3,055,0.14162054657936096,0.7579680681228638,740,0,Is 4055 > 7546? Answer:
3,4,5, 75,0.07014821469783783,0.2943519055843353,740,0,Is 4055 > 7546? Answer:
3,4,6,46,0.07998203486204147,0.42158055305480957,740,0,Is 4055 > 7546? Answer:
3,5,2, 4,0.015288755297660828,0.14255382120609283,740,0,Is 4055 > 7546? Answer:
3,5,3,055,0.48543769121170044,0.9923027753829956,740,0,Is 4055 > 7546? Answer:
3,5,5, 75,0.001925913617014885,0.005741425324231386,740,0,Is 4055 > 7546? Answer:
3,5,6,46,0.05442795902490616,0.17635732889175415,740,0,Is 4055 > 7546? Answer:
3,6,2, 4,0.09265763312578201,0.9264600872993469,740,0,Is 4055 > 7546? Answer:
3,6,3,055,0.5078266859054565,0.9999353885650635,740,0,Is 4055 > 7546? Answer:
3,6,5, 75,1.2947386494488455e-05,3.639042188297026e-05,740,0,Is 4055 > 7546? Answer:
3,6,6,46,0.01646660640835762,0.06165960803627968,740,0,Is 4055 > 7546? Answer:
3,7,2, 4,0.02975405380129814,0.24180233478546143,740,0,Is 4055 > 7546? Answer:
3,7,3,055,0.40220174193382263,0.9604660868644714,740,0,Is 4055 > 7546? Answer:
3,7,5, 75,0.00892320740967989,0.027671124786138535,740,0,Is 4055 > 7546? Answer:
3,7,6,46,0.06126389652490616,0.22527235746383667,740,0,Is 4055 > 7546? Answer:
4,0,2, 4,0.0032237686682492495,0.013747296296060085,740,0,Is 4055 > 7546? Answer:
4,0,3,055,0.1722966730594635,0.9645876884460449,740,0,Is 4055 > 7546? Answer:
4,0,5, 75,1.7227342823389336e-06,1.0381009815318976e-05,740,0,Is 4055 > 7546? Answer:
4,0,6,46,0.0005581264267675579,0.0027465559542179108,740,0,Is 4055 > 7546? Answer:
4,1,2, 4,1.4173687304719351e-05,7.708372140768915e-05,740,0,Is 4055 > 7546? Answer:
4,1,3,055,0.43710988759994507,0.9997045397758484,740,0,Is 4055 > 7546? Answer:
4,1,5, 75,2.6941695523419185e-06,1.3845356988895219e-05,740,0,Is 4055 > 7546? Answer:
4,1,6,46,0.012674957513809204,0.06052244082093239,740,0,Is 4055 > 7546? Answer:
4,2,2, 4,1.6776597249190672e-06,8.422804057772737e-06,740,0,Is 4055 > 7546? Answer:
4,2,3,055,0.39565128087997437,0.9996765851974487,740,0,Is 4055 > 7546? Answer:
4,2,5, 75,9.681530173111241e-07,5.434996182884788e-06,740,0,Is 4055 > 7546? Answer:
4,2,6,46,0.0035240240395069122,0.02049616537988186,740,0,Is 4055 > 7546? Answer:
4,3,2, 4,2.4087100314318377e-07,2.4075702640402596e-06,740,0,Is 4055 > 7546? Answer:
4,3,3,055,0.40082788467407227,0.9999997615814209,740,0,Is 4055 > 7546? Answer:
4,3,5, 75,6.68758437516459e-10,4.068936743095719e-09,740,0,Is 4055 > 7546? Answer:
4,3,6,46,0.0001426071539754048,0.001108716707676649,740,0,Is 4055 > 7546? Answer:
4,4,2, 4,5.276829597278265e-06,5.164353933651e-05,740,0,Is 4055 > 7546? Answer:
4,4,3,055,0.48139628767967224,0.9999737739562988,740,0,Is 4055 > 7546? Answer:
4,4,5, 75,0.0018510285299271345,0.014850595034658909,740,0,Is 4055 > 7546? Answer:
4,4,6,46,0.0018843598663806915,0.007710031233727932,740,0,Is 4055 > 7546? Answer:
4,5,2, 4,0.004172342363744974,0.04151401296257973,740,0,Is 4055 > 7546? Answer:
4,5,3,055,0.21924284100532532,0.9986894726753235,740,0,Is 4055 > 7546? Answer:
4,5,5, 75,1.4618565039037357e-11,8.610577528767038e-11,740,0,Is 4055 > 7546? Answer:
4,5,6,46,0.0005917879170738161,0.0027500183787196875,740,0,Is 4055 > 7546? Answer:
4,6,2, 4,2.077939825539943e-06,6.709291483275592e-06,740,0,Is 4055 > 7546? Answer:
4,6,3,055,0.5256576538085938,0.998810887336731,740,0,Is 4055 > 7546? Answer:
4,6,5, 75,1.3099573152430821e-05,5.148583295522258e-05,740,0,Is 4055 > 7546? Answer:
4,6,6,46,0.0020867064595222473,0.00768183683976531,740,0,Is 4055 > 7546? Answer:
4,7,2, 4,0.010468747466802597,0.09212992340326309,740,0,Is 4055 > 7546? Answer:
4,7,3,055,0.43647441267967224,0.9976409673690796,740,0,Is 4055 > 7546? Answer:
4,7,5, 75,7.819593884050846e-05,0.0003365628363098949,740,0,Is 4055 > 7546? Answer:
4,7,6,46,0.0024196640588343143,0.011122428812086582,740,0,Is 4055 > 7546? Answer:
5,0,2, 4,0.003105961950495839,0.0309473667293787,740,0,Is 4055 > 7546? Answer:
5,0,3,055,0.44770583510398865,0.9998906850814819,740,0,Is 4055 > 7546? Answer:
5,0,5, 75,0.0017975445371121168,0.009417947381734848,740,0,Is 4055 > 7546? Answer:
5,0,6,46,0.020775506272912025,0.15251418948173523,740,0,Is 4055 > 7546? Answer:
5,1,2, 4,7.626725619047647e-06,7.382755575235933e-05,740,0,Is 4055 > 7546? Answer:
5,1,3,055,0.40687236189842224,0.9999538660049438,740,0,Is 4055 > 7546? Answer:
5,1,5, 75,0.0018300737719982862,0.014311539009213448,740,0,Is 4055 > 7546? Answer:
5,1,6,46,0.05094705894589424,0.25343048572540283,740,0,Is 4055 > 7546? Answer:
5,2,2, 4,0.08103770762681961,0.8102562427520752,740,0,Is 4055 > 7546? Answer:
5,2,3,055,0.3005758225917816,1.0,740,0,Is 4055 > 7546? Answer:
5,2,5, 75,9.183245856547728e-05,0.0008961517014540732,740,0,Is 4055 > 7546? Answer:
5,2,6,46,0.20031245052814484,0.9995697140693665,740,0,Is 4055 > 7546? Answer:
5,3,2, 4,0.11033888906240463,0.9812278151512146,740,0,Is 4055 > 7546? Answer:
5,3,3,055,0.0876334011554718,0.8282163739204407,740,0,Is 4055 > 7546? Answer:
5,3,5, 75,0.09006474167108536,0.8775933980941772,740,0,Is 4055 > 7546? Answer:
5,3,6,46,0.22045724093914032,0.9604786038398743,740,0,Is 4055 > 7546? Answer:
5,4,2, 4,6.01242788889067e-08,5.714955477742478e-07,740,0,Is 4055 > 7546? Answer:
5,4,3,055,0.40325984358787537,1.0,740,0,Is 4055 > 7546? Answer:
5,4,5, 75,9.077511094801594e-06,6.933177792234346e-05,740,0,Is 4055 > 7546? Answer:
5,4,6,46,0.009359651245176792,0.09352036565542221,740,0,Is 4055 > 7546? Answer:
5,5,2, 4,0.09486956894397736,0.8884045481681824,740,0,Is 4055 > 7546? Answer:
5,5,3,055,0.3052337169647217,0.9999040365219116,740,0,Is 4055 > 7546? Answer:
5,5,5, 75,0.002087575849145651,0.013868089765310287,740,0,Is 4055 > 7546? Answer:
5,5,6,46,0.05638710781931877,0.3032912611961365,740,0,Is 4055 > 7546? Answer:
5,6,2, 4,0.0004348167567513883,0.004348167683929205,740,0,Is 4055 > 7546? Answer:
5,6,3,055,0.5036236643791199,1.0,740,0,Is 4055 > 7546? Answer:
5,6,5, 75,3.498440360342537e-16,2.8037671468382486e-15,740,0,Is 4055 > 7546? Answer:
5,6,6,46,2.450782972118759e-07,8.479285042994888e-07,740,0,Is 4055 > 7546? Answer:
5,7,2, 4,0.1796521693468094,0.9119246602058411,740,0,Is 4055 > 7546? Answer:
5,7,3,055,0.004084098152816296,0.019955990836024284,740,0,Is 4055 > 7546? Answer:
5,7,5, 75,0.1257200986146927,0.9652968049049377,740,0,Is 4055 > 7546? Answer:
5,7,6,46,0.15099558234214783,0.7989237308502197,740,0,Is 4055 > 7546? Answer:
0,0,2, 9,0.07739550620317459,0.25636881589889526,660,0,Is 9189 > 5325? Answer:
0,0,3,189,0.11439669132232666,0.4887326955795288,660,0,Is 9189 > 5325? Answer:
0,0,5, 53,0.03022361733019352,0.12963776290416718,660,0,Is 9189 > 5325? Answer:
0,0,6,25,0.030134445056319237,0.18061178922653198,660,0,Is 9189 > 5325? Answer:
0,1,2, 9,0.07726587355136871,0.26777008175849915,660,0,Is 9189 > 5325? Answer:
0,1,3,189,0.10495322942733765,0.534735918045044,660,0,Is 9189 > 5325? Answer:
0,1,5, 53,0.07209061086177826,0.3348938524723053,660,0,Is 9189 > 5325? Answer:
0,1,6,25,0.04542996361851692,0.21555866301059723,660,0,Is 9189 > 5325? Answer:
0,2,2, 9,0.11186344921588898,0.9986818432807922,660,0,Is 9189 > 5325? Answer:
0,2,3,189,0.09828093647956848,0.9756445288658142,660,0,Is 9189 > 5325? Answer:
0,2,5, 53,0.09963856637477875,0.9844537377357483,660,0,Is 9189 > 5325? Answer:
0,2,6,25,0.09039673209190369,0.9015364050865173,660,0,Is 9189 > 5325? Answer:
0,3,2, 9,0.10006631910800934,0.9999532699584961,660,0,Is 9189 > 5325? Answer:
0,3,3,189,0.09994196891784668,0.9993751645088196,660,0,Is 9189 > 5325? Answer:
0,3,5, 53,0.1000002846121788,0.9999456405639648,660,0,Is 9189 > 5325? Answer:
0,3,6,25,0.09973371773958206,0.9973286390304565,660,0,Is 9189 > 5325? Answer:
0,4,2, 9,0.17843660712242126,0.5351183414459229,660,0,Is 9189 > 5325? Answer:
0,4,3,189,0.030394118279218674,0.19297876954078674,660,0,Is 9189 > 5325? Answer:
0,4,5, 53,0.02426583133637905,0.14630886912345886,660,0,Is 9189 > 5325? Answer:
0,4,6,25,0.007638546172529459,0.06527574360370636,660,0,Is 9189 > 5325? Answer:
0,5,2, 9,0.1370343267917633,0.9940349459648132,660,0,Is 9189 > 5325? Answer:
0,5,3,189,0.01189894787967205,0.07305800914764404,660,0,Is 9189 > 5325? Answer:
0,5,5, 53,0.09861262887716293,0.9519369006156921,660,0,Is 9189 > 5325? Answer:
0,5,6,25,0.03786179795861244,0.19624175131320953,660,0,Is 9189 > 5325? Answer:
0,6,2, 9,0.08573587238788605,0.22654835879802704,660,0,Is 9189 > 5325? Answer:
0,6,3,189,0.10759574174880981,0.4747709333896637,660,0,Is 9189 > 5325? Answer:
0,6,5, 53,0.0887838751077652,0.2869000732898712,660,0,Is 9189 > 5325? Answer:
0,6,6,25,0.05493278428912163,0.2684628367424011,660,0,Is 9189 > 5325? Answer:
0,7,2, 9,0.12899060547351837,0.7404211163520813,660,0,Is 9189 > 5325? Answer:
0,7,3,189,0.057393550872802734,0.22667400538921356,660,0,Is 9189 > 5325? Answer:
0,7,5, 53,0.04317842051386833,0.2203216850757599,660,0,Is 9189 > 5325? Answer:
0,7,6,25,0.06059180572628975,0.5083499550819397,660,0,Is 9189 > 5325? Answer:
1,0,2, 9,0.05030493810772896,0.294303297996521,660,0,Is 9189 > 5325? Answer:
1,0,3,189,0.061359502375125885,0.44985172152519226,660,0,Is 9189 > 5325? Answer:
1,0,5, 53,0.024757396429777145,0.2011062651872635,660,0,Is 9189 > 5325? Answer:
1,0,6,25,0.03448934480547905,0.26834428310394287,660,0,Is 9189 > 5325? Answer:
1,1,2, 9,0.09584777802228928,0.6394180059432983,660,0,Is 9189 > 5325? Answer:
1,1,3,189,0.06277669966220856,0.36046019196510315,660,0,Is 9189 > 5325? Answer:
1,1,5, 53,0.11129657924175262,0.8638734817504883,660,0,Is 9189 > 5325? Answer:
1,1,6,25,0.049041908234357834,0.35848376154899597,660,0,Is 9189 > 5325? Answer:
1,2,2, 9,0.11736202239990234,0.5688777565956116,660,0,Is 9189 > 5325? Answer:
1,2,3,189,0.08086524158716202,0.44233569502830505,660,0,Is 9189 > 5325? Answer:
1,2,5, 53,0.11032062768936157,0.7823089361190796,660,0,Is 9189 > 5325? Answer:
1,2,6,25,0.12295560538768768,0.5736863613128662,660,0,Is 9189 > 5325? Answer:
1,3,2, 9,0.07708334177732468,0.25838223099708557,660,0,Is 9189 > 5325? Answer:
1,3,3,189,0.06424163281917572,0.1808801144361496,660,0,Is 9189 > 5325? Answer:
1,3,5, 53,0.07599520683288574,0.30354225635528564,660,0,Is 9189 > 5325? Answer:
1,3,6,25,0.057809434831142426,0.1988600343465805,660,0,Is 9189 > 5325? Answer:
1,4,2, 9,0.2925746440887451,0.5894604921340942,660,0,Is 9189 > 5325? Answer:
1,4,3,189,0.10266081988811493,0.29846394062042236,660,0,Is 9189 > 5325? Answer:
1,4,5, 53,0.047334857285022736,0.12337096780538559,660,0,Is 9189 > 5325? Answer:
1,4,6,25,0.025933299213647842,0.10139086842536926,660,0,Is 9189 > 5325? Answer:
1,5,2, 9,0.10677289962768555,0.2107006460428238,660,0,Is 9189 > 5325? Answer:
1,5,3,189,0.11167711019515991,0.24149808287620544,660,0,Is 9189 > 5325? Answer:
1,5,5, 53,0.08305388689041138,0.19553175568580627,660,0,Is 9189 > 5325? Answer:
1,5,6,25,0.05591019243001938,0.19793634116649628,660,0,Is 9189 > 5325? Answer:
1,6,2, 9,0.18281172215938568,0.8303418159484863,660,0,Is 9189 > 5325? Answer:
1,6,3,189,0.1949058473110199,0.5956225991249084,660,0,Is 9189 > 5325? Answer:
1,6,5, 53,0.08064855635166168,0.29871317744255066,660,0,Is 9189 > 5325? Answer:
1,6,6,25,0.0739649087190628,0.29778483510017395,660,0,Is 9189 > 5325? Answer:
1,7,2, 9,0.1419103592634201,0.5706056356430054,660,0,Is 9189 > 5325? Answer:
1,7,3,189,0.11645610630512238,0.5736327767372131,660,0,Is 9189 > 5325? Answer:
1,7,5, 53,0.11810705810785294,0.6161956191062927,660,0,Is 9189 > 5325? Answer:
1,7,6,25,0.04187599569559097,0.20345069468021393,660,0,Is 9189 > 5325? Answer:
2,0,2, 9,0.10795273631811142,0.27900731563568115,660,0,Is 9189 > 5325? Answer:
2,0,3,189,0.0911579355597496,0.25258123874664307,660,0,Is 9189 > 5325? Answer:
2,0,5, 53,0.05745859071612358,0.15766800940036774,660,0,Is 9189 > 5325? Answer:
2,0,6,25,0.03768176957964897,0.12940986454486847,660,0,Is 9189 > 5325? Answer:
2,1,2, 9,0.11890342086553574,0.2874983549118042,660,0,Is 9189 > 5325? Answer:
2,1,3,189,0.11823491752147675,0.2641364336013794,660,0,Is 9189 > 5325? Answer:
2,1,5, 53,0.0908840000629425,0.2467835396528244,660,0,Is 9189 > 5325? Answer:
2,1,6,25,0.05402033403515816,0.1722814291715622,660,0,Is 9189 > 5325? Answer:
2,2,2, 9,0.11577445268630981,0.4691661298274994,660,0,Is 9189 > 5325? Answer:
2,2,3,189,0.1190883070230484,0.46196550130844116,660,0,Is 9189 > 5325? Answer:
2,2,5, 53,0.06710704416036606,0.21682961285114288,660,0,Is 9189 > 5325? Answer:
2,2,6,25,0.02952933870255947,0.12685370445251465,660,0,Is 9189 > 5325? Answer:
2,3,2, 9,0.08182604610919952,0.17685778439044952,660,0,Is 9189 > 5325? Answer:
2,3,3,189,0.12000244855880737,0.35499492287635803,660,0,Is 9189 > 5325? Answer:
2,3,5, 53,0.09531708061695099,0.3531578481197357,660,0,Is 9189 > 5325? Answer:
2,3,6,25,0.09407539665699005,0.38737788796424866,660,0,Is 9189 > 5325? Answer:
2,4,2, 9,0.056785184890031815,0.26384487748146057,660,0,Is 9189 > 5325? Answer:
2,4,3,189,0.11730162799358368,0.6604079604148865,660,0,Is 9189 > 5325? Answer:
2,4,5, 53,0.0542430505156517,0.2652045786380768,660,0,Is 9189 > 5325? Answer:
2,4,6,25,0.05189233273267746,0.32318684458732605,660,0,Is 9189 > 5325? Answer:
2,5,2, 9,0.13198864459991455,0.3861916661262512,660,0,Is 9189 > 5325? Answer:
2,5,3,189,0.10620757192373276,0.25822579860687256,660,0,Is 9189 > 5325? Answer:
2,5,5, 53,0.050314147025346756,0.11955037713050842,660,0,Is 9189 > 5325? Answer:
2,5,6,25,0.032783158123493195,0.1124429851770401,660,0,Is 9189 > 5325? Answer:
2,6,2, 9,0.10091207176446915,0.998460054397583,660,0,Is 9189 > 5325? Answer:
2,6,3,189,0.14317892491817474,0.9969167709350586,660,0,Is 9189 > 5325? Answer:
2,6,5, 53,0.01714489236474037,0.1028662621974945,660,0,Is 9189 > 5325? Answer:
2,6,6,25,0.00947282463312149,0.09304098039865494,660,0,Is 9189 > 5325? Answer:
2,7,2, 9,0.10872934013605118,0.9272817373275757,660,0,Is 9189 > 5325? Answer:
2,7,3,189,0.09344475716352463,0.857515811920166,660,0,Is 9189 > 5325? Answer:
2,7,5, 53,0.10267815738916397,0.9532039165496826,660,0,Is 9189 > 5325? Answer:
2,7,6,25,0.07659760117530823,0.7218274474143982,660,0,Is 9189 > 5325? Answer:
3,0,2, 9,0.04759623855352402,0.4759521484375,660,0,Is 9189 > 5325? Answer:
3,0,3,189,0.4620996415615082,0.999988317489624,660,0,Is 9189 > 5325? Answer:
3,0,5, 53,1.7418526113033295e-05,8.911413897294551e-05,660,0,Is 9189 > 5325? Answer:
3,0,6,25,3.312490662210621e-06,1.6179255908355117e-05,660,0,Is 9189 > 5325? Answer:
3,1,2, 9,0.006991372909396887,0.06990847736597061,660,0,Is 9189 > 5325? Answer:
3,1,3,189,0.4623507559299469,0.9999885559082031,660,0,Is 9189 > 5325? Answer:
3,1,5, 53,8.422961400356144e-06,3.352235580678098e-05,660,0,Is 9189 > 5325? Answer:
3,1,6,25,2.4371188374061603e-06,1.2873634659626987e-05,660,0,Is 9189 > 5325? Answer:
3,2,2, 9,0.05459310859441757,0.2409454733133316,660,0,Is 9189 > 5325? Answer:
3,2,3,189,0.23224881291389465,0.8810838460922241,660,0,Is 9189 > 5325? Answer:
3,2,5, 53,0.02869005873799324,0.1226038932800293,660,0,Is 9189 > 5325? Answer:
3,2,6,25,0.028311502188444138,0.17568106949329376,660,0,Is 9189 > 5325? Answer:
3,3,2, 9,0.0020063784904778004,0.0200625229626894,660,0,Is 9189 > 5325? Answer:
3,3,3,189,0.5457863807678223,0.9999972581863403,660,0,Is 9189 > 5325? Answer:
3,3,5, 53,6.124906803961494e-07,2.233763325421023e-06,660,0,Is 9189 > 5325? Answer:
3,3,6,25,1.986952185006885e-07,6.606217084481614e-07,660,0,Is 9189 > 5325? Answer:
3,4,2, 9,0.05797768756747246,0.4078506827354431,660,0,Is 9189 > 5325? Answer:
3,4,3,189,0.1405394822359085,0.8130334615707397,660,0,Is 9189 > 5325? Answer:
3,4,5, 53,0.08337165415287018,0.380984902381897,660,0,Is 9189 > 5325? Answer:
3,4,6,25,0.05760674551129341,0.37710097432136536,660,0,Is 9189 > 5325? Answer:
3,5,2, 9,0.01527464110404253,0.14211134612560272,660,0,Is 9189 > 5325? Answer:
3,5,3,189,0.5359863042831421,0.9974896907806396,660,0,Is 9189 > 5325? Answer:
3,5,5, 53,0.0010507708648219705,0.004201804753392935,660,0,Is 9189 > 5325? Answer:
3,5,6,25,0.0006473995745182037,0.0023489564191550016,660,0,Is 9189 > 5325? Answer:
3,6,2, 9,0.05887649580836296,0.5887144207954407,660,0,Is 9189 > 5325? Answer:
3,6,3,189,0.5376851558685303,0.9999649524688721,660,0,Is 9189 > 5325? Answer:
3,6,5, 53,9.451039659325033e-06,3.484462285996415e-05,660,0,Is 9189 > 5325? Answer:
3,6,6,25,1.189788781630341e-05,4.9186804972123355e-05,660,0,Is 9189 > 5325? Answer:
3,7,2, 9,0.02206103689968586,0.13490647077560425,660,0,Is 9189 > 5325? Answer:
3,7,3,189,0.43716511130332947,0.964923083782196,660,0,Is 9189 > 5325? Answer:
3,7,5, 53,0.012352894991636276,0.04893976077437401,660,0,Is 9189 > 5325? Answer:
3,7,6,25,0.012821431271731853,0.07703182846307755,660,0,Is 9189 > 5325? Answer:
4,0,2, 9,0.0055196695029735565,0.027194354683160782,660,0,Is 9189 > 5325? Answer:
4,0,3,189,0.2759193778038025,0.9998170733451843,660,0,Is 9189 > 5325? Answer:
4,0,5, 53,5.361690682548215e-07,3.946011474909028e-06,660,0,Is 9189 > 5325? Answer:
4,0,6,25,2.3649067770747934e-07,1.90072717032308e-06,660,0,Is 9189 > 5325? Answer:
4,1,2, 9,2.111643334501423e-05,0.00017776306776795536,660,0,Is 9189 > 5325? Answer:
4,1,3,189,0.46518030762672424,0.9999998807907104,660,0,Is 9189 > 5325? Answer:
4,1,5, 53,2.903094809880713e-06,1.5468693163711578e-05,660,0,Is 9189 > 5325? Answer:
4,1,6,25,1.700189386610873e-05,7.725494651822373e-05,660,0,Is 9189 > 5325? Answer:
4,2,2, 9,1.2691455708591093e-07,8.609619612798269e-07,660,0,Is 9189 > 5325? Answer:
4,2,3,189,0.4399597644805908,0.9999998807907104,660,0,Is 9189 > 5325? Answer:
4,2,5, 53,2.834240149240941e-07,1.819960289139999e-06,660,0,Is 9189 > 5325? Answer:
4,2,6,25,9.517242460788111e-07,5.154294740350451e-06,660,0,Is 9189 > 5325? Answer:
4,3,2, 9,5.821017889928726e-09,5.8204793873528615e-08,660,0,Is 9189 > 5325? Answer:
4,3,3,189,0.40446656942367554,1.0,660,0,Is 9189 > 5325? Answer:
4,3,5, 53,2.470122717479484e-10,1.4167712558688095e-09,660,0,Is 9189 > 5325? Answer:
4,3,6,25,2.7014741138531306e-11,1.4301788919812708e-10,660,0,Is 9189 > 5325? Answer:
4,4,2, 9,5.43301166544552e-06,5.003221667720936e-05,660,0,Is 9189 > 5325? Answer:
4,4,3,189,0.46116727590560913,0.9999649524688721,660,0,Is 9189 > 5325? Answer:
4,4,5, 53,3.274471964687109e-06,1.99935348064173e-05,660,0,Is 9189 > 5325? Answer:
4,4,6,25,2.229470010206569e-05,0.00017004004621412605,660,0,Is 9189 > 5325? Answer:
4,5,2, 9,2.497922423572163e-06,9.878529453999363e-06,660,0,Is 9189 > 5325? Answer:
4,5,3,189,0.3270407021045685,1.0,660,0,Is 9189 > 5325? Answer:
4,5,5, 53,5.4805081362019337e-08,3.619398967202869e-07,660,0,Is 9189 > 5325? Answer:
4,5,6,25,6.171330824145116e-08,3.898246063727129e-07,660,0,Is 9189 > 5325? Answer:
4,6,2, 9,0.00047313174582086504,0.0015831358032301068,660,0,Is 9189 > 5325? Answer:
4,6,3,189,0.49225783348083496,0.9999959468841553,660,0,Is 9189 > 5325? Answer:
4,6,5, 53,4.347210591504336e-09,3.179854601853549e-08,660,0,Is 9189 > 5325? Answer:
4,6,6,25,7.682286309318442e-07,5.363747277442599e-06,660,0,Is 9189 > 5325? Answer:
4,7,2, 9,0.08009030669927597,0.56155925989151,660,0,Is 9189 > 5325? Answer:
4,7,3,189,0.40996652841567993,0.9997637867927551,660,0,Is 9189 > 5325? Answer:
4,7,5, 53,1.6269792467937805e-05,6.945141649339348e-05,660,0,Is 9189 > 5325? Answer:
4,7,6,25,0.0001773916301317513,0.001611883519217372,660,0,Is 9189 > 5325? Answer:
5,0,2, 9,0.000591559917666018,0.004600821528583765,660,0,Is 9189 > 5325? Answer:
5,0,3,189,0.40080446004867554,0.9999828338623047,660,0,Is 9189 > 5325? Answer:
5,0,5, 53,0.0007747184135951102,0.005841111298650503,660,0,Is 9189 > 5325? Answer:
5,0,6,25,0.0022293897345662117,0.01915215328335762,660,0,Is 9189 > 5325? Answer:
5,1,2, 9,8.666088433528785e-06,6.650129944318905e-05,660,0,Is 9189 > 5325? Answer:
5,1,3,189,0.46932849287986755,0.9999990463256836,660,0,Is 9189 > 5325? Answer:
5,1,5, 53,9.25936401472427e-05,0.0005857262876816094,660,0,Is 9189 > 5325? Answer:
5,1,6,25,0.004685159306973219,0.045358672738075256,660,0,Is 9189 > 5325? Answer:
5,2,2, 9,0.10005855560302734,0.9998418092727661,660,0,Is 9189 > 5325? Answer:
5,2,3,189,0.40050023794174194,1.0,660,0,Is 9189 > 5325? Answer:
5,2,5, 53,4.102083948964719e-06,4.101686135982163e-05,660,0,Is 9189 > 5325? Answer:
5,2,6,25,0.09922532737255096,0.992252767086029,660,0,Is 9189 > 5325? Answer:
5,3,2, 9,0.1573011875152588,0.9992188215255737,660,0,Is 9189 > 5325? Answer:
5,3,3,189,0.15373870730400085,0.9922559261322021,660,0,Is 9189 > 5325? Answer:
5,3,5, 53,0.18761947751045227,0.9653829336166382,660,0,Is 9189 > 5325? Answer:
5,3,6,25,0.14097291231155396,0.9695459008216858,660,0,Is 9189 > 5325? Answer:
5,4,2, 9,0.012362401932477951,0.12085303664207458,660,0,Is 9189 > 5325? Answer:
5,4,3,189,0.4232271611690521,1.0,660,0,Is 9189 > 5325? Answer:
5,4,5, 53,2.1956579075776972e-05,0.00021956567070446908,660,0,Is 9189 > 5325? Answer:
5,4,6,25,0.09980178624391556,0.9980177879333496,660,0,Is 9189 > 5325? Answer:
5,5,2, 9,0.12257027626037598,0.9762700200080872,660,0,Is 9189 > 5325? Answer:
5,5,3,189,0.24772651493549347,1.0,660,0,Is 9189 > 5325? Answer:
5,5,5, 53,0.0026987409219145775,0.015087008476257324,660,0,Is 9189 > 5325? Answer:
5,5,6,25,0.11212620884180069,0.8058430552482605,660,0,Is 9189 > 5325? Answer:
5,6,2, 9,0.019868243485689163,0.19868244230747223,660,0,Is 9189 > 5325? Answer:
5,6,3,189,0.43315085768699646,1.0,660,0,Is 9189 > 5325? Answer:
5,6,5, 53,2.2169526736175995e-15,2.201030698846529e-14,660,0,Is 9189 > 5325? Answer:
5,6,6,25,7.251967207379768e-17,7.116779293160104e-16,660,0,Is 9189 > 5325? Answer:
5,7,2, 9,0.19781146943569183,0.9975602626800537,660,0,Is 9189 > 5325? Answer:
5,7,3,189,6.151291745482013e-05,0.00034538315958343446,660,0,Is 9189 > 5325? Answer:
5,7,5, 53,0.10167386382818222,0.9988333582878113,660,0,Is 9189 > 5325? Answer:
5,7,6,25,0.21619722247123718,0.9996170997619629,660,0,Is 9189 > 5325? Answer:
0,0,2, 9,0.08133412897586823,0.2760005295276642,411,0,Is 9115 > 982? Answer:
0,0,3,115,0.09120013564825058,0.36515530943870544,411,0,Is 9115 > 982? Answer:
0,0,5, 9,0.019944876432418823,0.10002313554286957,411,0,Is 9115 > 982? Answer:
0,0,6,82,0.04369382932782173,0.2402876615524292,411,0,Is 9115 > 982? Answer:
0,1,2, 9,0.08423501253128052,0.28781867027282715,411,0,Is 9115 > 982? Answer:
0,1,3,115,0.08297949284315109,0.37641674280166626,411,0,Is 9115 > 982? Answer:
0,1,5, 9,0.059078775346279144,0.1965830773115158,411,0,Is 9115 > 982? Answer:
0,1,6,82,0.04878246411681175,0.2183581441640854,411,0,Is 9115 > 982? Answer:
0,2,2, 9,0.19995877146720886,0.9986818432807922,411,0,Is 9115 > 982? Answer:
0,2,3,115,0.09996636211872101,0.9915992021560669,411,0,Is 9115 > 982? Answer:
0,2,5, 9,0.009078959003090858,0.06481730192899704,411,0,Is 9115 > 982? Answer:
0,2,6,82,0.09002280980348587,0.8985224962234497,411,0,Is 9115 > 982? Answer:
0,3,2, 9,0.16075973212718964,0.9999532699584961,411,0,Is 9115 > 982? Answer:
0,3,3,115,0.0999879390001297,0.9998729228973389,411,0,Is 9115 > 982? Answer:
0,3,5, 9,0.03926289826631546,0.3924716114997864,411,0,Is 9115 > 982? Answer:
0,3,6,82,0.0998287945985794,0.9982684850692749,411,0,Is 9115 > 982? Answer:
0,4,2, 9,0.1720140278339386,0.5703076124191284,411,0,Is 9115 > 982? Answer:
0,4,3,115,0.025484099984169006,0.08837153762578964,411,0,Is 9115 > 982? Answer:
0,4,5, 9,0.05394416302442551,0.2587583661079407,411,0,Is 9115 > 982? Answer:
0,4,6,82,0.0032732810359448195,0.02684946544468403,411,0,Is 9115 > 982? Answer:
0,5,2, 9,0.1344749480485916,0.9839948415756226,411,0,Is 9115 > 982? Answer:
0,5,3,115,0.011753893457353115,0.10486026853322983,411,0,Is 9115 > 982? Answer:
0,5,5, 9,0.09382174909114838,0.8899582028388977,411,0,Is 9115 > 982? Answer:
0,5,6,82,0.01330499816685915,0.10062091797590256,411,0,Is 9115 > 982? Answer:
0,6,2, 9,0.08602796494960785,0.25077733397483826,411,0,Is 9115 > 982? Answer:
0,6,3,115,0.07760778814554214,0.29783594608306885,411,0,Is 9115 > 982? Answer:
0,6,5, 9,0.047826968133449554,0.1327340006828308,411,0,Is 9115 > 982? Answer:
0,6,6,82,0.07862651348114014,0.34807196259498596,411,0,Is 9115 > 982? Answer:
0,7,2, 9,0.11363358795642853,0.6085719466209412,411,0,Is 9115 > 982? Answer:
0,7,3,115,0.057409416884183884,0.3081355690956116,411,0,Is 9115 > 982? Answer:
0,7,5, 9,0.10106488317251205,0.9088026881217957,411,0,Is 9115 > 982? Answer:
0,7,6,82,0.007960113696753979,0.030388174578547478,411,0,Is 9115 > 982? Answer:
1,0,2, 9,0.07127408683300018,0.294303297996521,411,0,Is 9115 > 982? Answer:
1,0,3,115,0.09923519194126129,0.6287556886672974,411,0,Is 9115 > 982? Answer:
1,0,5, 9,0.018807612359523773,0.11158730089664459,411,0,Is 9115 > 982? Answer:
1,0,6,82,0.0355149544775486,0.33179235458374023,411,0,Is 9115 > 982? Answer:
1,1,2, 9,0.09825046360492706,0.6677610874176025,411,0,Is 9115 > 982? Answer:
1,1,3,115,0.06449471414089203,0.3667008876800537,411,0,Is 9115 > 982? Answer:
1,1,5, 9,0.09333588927984238,0.7579838037490845,411,0,Is 9115 > 982? Answer:
1,1,6,82,0.07389546930789948,0.5578785538673401,411,0,Is 9115 > 982? Answer:
1,2,2, 9,0.08671563863754272,0.4716729521751404,411,0,Is 9115 > 982? Answer:
1,2,3,115,0.09008288383483887,0.4463869035243988,411,0,Is 9115 > 982? Answer:
1,2,5, 9,0.14158309996128082,0.778421938419342,411,0,Is 9115 > 982? Answer:
1,2,6,82,0.036555368453264236,0.1960294097661972,411,0,Is 9115 > 982? Answer:
1,3,2, 9,0.07440731674432755,0.238248810172081,411,0,Is 9115 > 982? Answer:
1,3,3,115,0.09019786864519119,0.23869864642620087,411,0,Is 9115 > 982? Answer:
1,3,5, 9,0.05897993966937065,0.22927814722061157,411,0,Is 9115 > 982? Answer:
1,3,6,82,0.07225821167230606,0.2645393908023834,411,0,Is 9115 > 982? Answer:
1,4,2, 9,0.2871786057949066,0.5511991381645203,411,0,Is 9115 > 982? Answer:
1,4,3,115,0.1006687730550766,0.2718658149242401,411,0,Is 9115 > 982? Answer:
1,4,5, 9,0.08531010150909424,0.2551365792751312,411,0,Is 9115 > 982? Answer:
1,4,6,82,0.021969236433506012,0.09096886217594147,411,0,Is 9115 > 982? Answer:
1,5,2, 9,0.10034261643886566,0.1994050294160843,411,0,Is 9115 > 982? Answer:
1,5,3,115,0.12565870583057404,0.2944190800189972,411,0,Is 9115 > 982? Answer:
1,5,5, 9,0.06569179892539978,0.1671125739812851,411,0,Is 9115 > 982? Answer:
1,5,6,82,0.06374024599790573,0.20648442208766937,411,0,Is 9115 > 982? Answer:
1,6,2, 9,0.1959819495677948,0.8303418159484863,411,0,Is 9115 > 982? Answer:
1,6,3,115,0.17090407013893127,0.5893305540084839,411,0,Is 9115 > 982? Answer:
1,6,5, 9,0.09810581058263779,0.3371078073978424,411,0,Is 9115 > 982? Answer:
1,6,6,82,0.07128602266311646,0.2892605662345886,411,0,Is 9115 > 982? Answer:
1,7,2, 9,0.11788354814052582,0.4511203467845917,411,0,Is 9115 > 982? Answer:
1,7,3,115,0.14079999923706055,0.6325910687446594,411,0,Is 9115 > 982? Answer:
1,7,5, 9,0.0847516804933548,0.37516894936561584,411,0,Is 9115 > 982? Answer:
1,7,6,82,0.046745672821998596,0.239547997713089,411,0,Is 9115 > 982? Answer:
2,0,2, 9,0.10681746155023575,0.27900731563568115,411,0,Is 9115 > 982? Answer:
2,0,3,115,0.07205424457788467,0.19524462521076202,411,0,Is 9115 > 982? Answer:
2,0,5, 9,0.07816998660564423,0.20710159838199615,411,0,Is 9115 > 982? Answer:
2,0,6,82,0.05106135457754135,0.15937626361846924,411,0,Is 9115 > 982? Answer:
2,1,2, 9,0.1198442354798317,0.2874983549118042,411,0,Is 9115 > 982? Answer:
2,1,3,115,0.10442163050174713,0.25532007217407227,411,0,Is 9115 > 982? Answer:
2,1,5, 9,0.08396326005458832,0.20773442089557648,411,0,Is 9115 > 982? Answer:
2,1,6,82,0.07477475702762604,0.23401252925395966,411,0,Is 9115 > 982? Answer:
2,2,2, 9,0.11817077547311783,0.4691661298274994,411,0,Is 9115 > 982? Answer:
2,2,3,115,0.0783730074763298,0.31133416295051575,411,0,Is 9115 > 982? Answer:
2,2,5, 9,0.07219978421926498,0.17914524674415588,411,0,Is 9115 > 982? Answer:
2,2,6,82,0.04541308805346489,0.15459923446178436,411,0,Is 9115 > 982? Answer:
2,3,2, 9,0.08569592982530594,0.17685778439044952,411,0,Is 9115 > 982? Answer:
2,3,3,115,0.1238163486123085,0.3393116593360901,411,0,Is 9115 > 982? Answer:
2,3,5, 9,0.07911668717861176,0.24998757243156433,411,0,Is 9115 > 982? Answer:
2,3,6,82,0.0624086931347847,0.23867453634738922,411,0,Is 9115 > 982? Answer:
2,4,2, 9,0.05335965007543564,0.26384487748146057,411,0,Is 9115 > 982? Answer:
2,4,3,115,0.10135219246149063,0.6756405234336853,411,0,Is 9115 > 982? Answer:
2,4,5, 9,0.0694013461470604,0.2977914810180664,411,0,Is 9115 > 982? Answer:
2,4,6,82,0.08766084909439087,0.46695730090141296,411,0,Is 9115 > 982? Answer:
2,5,2, 9,0.1437108814716339,0.3861916661262512,411,0,Is 9115 > 982? Answer:
2,5,3,115,0.0891028642654419,0.20557796955108643,411,0,Is 9115 > 982? Answer:
2,5,5, 9,0.05900770425796509,0.14034360647201538,411,0,Is 9115 > 982? Answer:
2,5,6,82,0.0381670743227005,0.10474719107151031,411,0,Is 9115 > 982? Answer:
2,6,2, 9,0.10316973924636841,0.998460054397583,411,0,Is 9115 > 982? Answer:
2,6,3,115,0.10231264680624008,0.9823665618896484,411,0,Is 9115 > 982? Answer:
2,6,5, 9,0.03807864338159561,0.32783085107803345,411,0,Is 9115 > 982? Answer:
2,6,6,82,0.07624910771846771,0.742750883102417,411,0,Is 9115 > 982? Answer:
2,7,2, 9,0.11086827516555786,0.9437583088874817,411,0,Is 9115 > 982? Answer:
2,7,3,115,0.08906061947345734,0.827918529510498,411,0,Is 9115 > 982? Answer:
2,7,5, 9,0.10139131546020508,0.9263001084327698,411,0,Is 9115 > 982? Answer:
2,7,6,82,0.08933322131633759,0.8322440385818481,411,0,Is 9115 > 982? Answer:
3,0,2, 9,0.04760091006755829,0.4759521484375,411,0,Is 9115 > 982? Answer:
3,0,3,115,0.3677994906902313,0.9999452829360962,411,0,Is 9115 > 982? Answer:
3,0,5, 9,0.00013699343253392726,0.0009534698911011219,411,0,Is 9115 > 982? Answer:
3,0,6,82,0.05197179317474365,0.4215935170650482,411,0,Is 9115 > 982? Answer:
3,1,2, 9,0.006992263253778219,0.06990847736597061,411,0,Is 9115 > 982? Answer:
3,1,3,115,0.36746275424957275,0.9999651908874512,411,0,Is 9115 > 982? Answer:
3,1,5, 9,9.459749708184972e-05,0.0004998842487111688,411,0,Is 9115 > 982? Answer:
3,1,6,82,0.06722380965948105,0.489478200674057,411,0,Is 9115 > 982? Answer:
3,2,2, 9,0.05343768745660782,0.2409454733133316,411,0,Is 9115 > 982? Answer:
3,2,3,115,0.2146143913269043,0.831315279006958,411,0,Is 9115 > 982? Answer:
3,2,5, 9,0.03855519741773605,0.15290890634059906,411,0,Is 9115 > 982? Answer:
3,2,6,82,0.08701176941394806,0.39783746004104614,411,0,Is 9115 > 982? Answer:
3,3,2, 9,0.0020065116696059704,0.0200625229626894,411,0,Is 9115 > 982? Answer:
3,3,3,115,0.4790619909763336,0.9999918937683105,411,0,Is 9115 > 982? Answer:
3,3,5, 9,1.665899276304117e-06,6.016774932504632e-06,411,0,Is 9115 > 982? Answer:
3,3,6,82,0.0360405333340168,0.17158812284469604,411,0,Is 9115 > 982? Answer:
3,4,2, 9,0.06010473519563675,0.4078506827354431,411,0,Is 9115 > 982? Answer:
3,4,3,115,0.12871848046779633,0.7536240816116333,411,0,Is 9115 > 982? Answer:
3,4,5, 9,0.0754416435956955,0.3751881718635559,411,0,Is 9115 > 982? Answer:
3,4,6,82,0.09697208553552628,0.5276061296463013,411,0,Is 9115 > 982? Answer:
3,5,2, 9,0.015543898567557335,0.14211134612560272,411,0,Is 9115 > 982? Answer:
3,5,3,115,0.4625368118286133,0.9910823106765747,411,0,Is 9115 > 982? Answer:
3,5,5, 9,0.0011753826402127743,0.003557145595550537,411,0,Is 9115 > 982? Answer:
3,5,6,82,0.09395720809698105,0.3318233788013458,411,0,Is 9115 > 982? Answer:
3,6,2, 9,0.058879584074020386,0.5887144207954407,411,0,Is 9115 > 982? Answer:
3,6,3,115,0.45492735505104065,0.9999535083770752,411,0,Is 9115 > 982? Answer:
3,6,5, 9,3.743690103874542e-05,0.00011845135304611176,411,0,Is 9115 > 982? Answer:
3,6,6,82,0.04688776284456253,0.21881604194641113,411,0,Is 9115 > 982? Answer:
3,7,2, 9,0.019653894007205963,0.13490647077560425,411,0,Is 9115 > 982? Answer:
3,7,3,115,0.3815642297267914,0.9410131573677063,411,0,Is 9115 > 982? Answer:
3,7,5, 9,0.010475187562406063,0.0322689488530159,411,0,Is 9115 > 982? Answer:
3,7,6,82,0.08651687204837799,0.35045143961906433,411,0,Is 9115 > 982? Answer:
4,0,2, 9,0.005505950655788183,0.028613103553652763,411,0,Is 9115 > 982? Answer:
4,0,3,115,0.15822353959083557,0.955693244934082,411,0,Is 9115 > 982? Answer:
4,0,5, 9,7.779387800610493e-08,5.041957251705753e-07,411,0,Is 9115 > 982? Answer:
4,0,6,82,0.0021512482780963182,0.010954848490655422,411,0,Is 9115 > 982? Answer:
4,1,2, 9,0.00021149462554603815,0.002072756178677082,411,0,Is 9115 > 982? Answer:
4,1,3,115,0.3643963038921356,0.9999812841415405,411,0,Is 9115 > 982? Answer:
4,1,5, 9,1.1292117051198147e-05,7.344032928813249e-05,411,0,Is 9115 > 982? Answer:
4,1,6,82,0.047953639179468155,0.3995266556739807,411,0,Is 9115 > 982? Answer:
4,2,2, 9,1.2881503153039375e-07,8.378910933970474e-07,411,0,Is 9115 > 982? Answer:
4,2,3,115,0.3652130961418152,0.9991886019706726,411,0,Is 9115 > 982? Answer:
4,2,5, 9,9.080761742552568e-07,4.0798995541990735e-06,411,0,Is 9115 > 982? Answer:
4,2,6,82,0.038192253559827805,0.3468177616596222,411,0,Is 9115 > 982? Answer:
4,3,2, 9,5.836353178523268e-09,5.8204793873528615e-08,411,0,Is 9115 > 982? Answer:
4,3,3,115,0.37195849418640137,1.0,411,0,Is 9115 > 982? Answer:
4,3,5, 9,1.4880787269078155e-08,1.381836511882284e-07,411,0,Is 9115 > 982? Answer:
4,3,6,82,0.027653653174638748,0.27613377571105957,411,0,Is 9115 > 982? Answer:
4,4,2, 9,9.610555025574286e-06,5.347851765691303e-05,411,0,Is 9115 > 982? Answer:
4,4,3,115,0.41142815351486206,0.9999724626541138,411,0,Is 9115 > 982? Answer:
4,4,5, 9,0.0006462964229285717,0.006233780644834042,411,0,Is 9115 > 982? Answer:
4,4,6,82,0.006372553762048483,0.04642301797866821,411,0,Is 9115 > 982? Answer:
4,5,2, 9,1.6098359765237547e-06,6.8750682657992e-06,411,0,Is 9115 > 982? Answer:
4,5,3,115,0.20613165199756622,0.9999934434890747,411,0,Is 9115 > 982? Answer:
4,5,5, 9,4.214073356934023e-08,2.187146463938916e-07,411,0,Is 9115 > 982? Answer:
4,5,6,82,0.024289775639772415,0.14753836393356323,411,0,Is 9115 > 982? Answer:
4,6,2, 9,0.0006068114307709038,0.0035539688542485237,411,0,Is 9115 > 982? Answer:
4,6,3,115,0.41548794507980347,0.9931458234786987,411,0,Is 9115 > 982? Answer:
4,6,5, 9,1.7784091976835725e-09,1.2991574926957128e-08,411,0,Is 9115 > 982? Answer:
4,6,6,82,0.020857933908700943,0.10973533242940903,411,0,Is 9115 > 982? Answer:
4,7,2, 9,0.16013523936271667,0.9904542565345764,411,0,Is 9115 > 982? Answer:
4,7,3,115,0.24991337954998016,0.9985028505325317,411,0,Is 9115 > 982? Answer:
4,7,5, 9,0.00012054930994054303,0.0005586944171227515,411,0,Is 9115 > 982? Answer:
4,7,6,82,0.028032278642058372,0.1674981564283371,411,0,Is 9115 > 982? Answer:
5,0,2, 9,0.0003334289067424834,0.0012243019882589579,411,0,Is 9115 > 982? Answer:
5,0,3,115,0.30800145864486694,0.9996058344841003,411,0,Is 9115 > 982? Answer:
5,0,5, 9,0.0038536693900823593,0.025332976132631302,411,0,Is 9115 > 982? Answer:
5,0,6,82,0.011514974758028984,0.07076507806777954,411,0,Is 9115 > 982? Answer:
5,1,2, 9,7.908761290309485e-07,5.415609848569147e-06,411,0,Is 9115 > 982? Answer:
5,1,3,115,0.49054020643234253,0.9999947547912598,411,0,Is 9115 > 982? Answer:
5,1,5, 9,7.98870860307943e-06,7.411217666231096e-05,411,0,Is 9115 > 982? Answer:
5,1,6,82,0.0217430479824543,0.08210371434688568,411,0,Is 9115 > 982? Answer:
5,2,2, 9,0.10003141313791275,0.9998418092727661,411,0,Is 9115 > 982? Answer:
5,2,3,115,0.2996245324611664,0.9999997615814209,411,0,Is 9115 > 982? Answer:
5,2,5, 9,4.940436338074505e-05,0.000456526962807402,411,0,Is 9115 > 982? Answer:
5,2,6,82,0.20005226135253906,0.9999676942825317,411,0,Is 9115 > 982? Answer:
5,3,2, 9,0.10456550121307373,0.9992188215255737,411,0,Is 9115 > 982? Answer:
5,3,3,115,0.18444687128067017,0.9841835498809814,411,0,Is 9115 > 982? Answer:
5,3,5, 9,0.15469342470169067,0.9789401888847351,411,0,Is 9115 > 982? Answer:
5,3,6,82,0.14833548665046692,0.9006785154342651,411,0,Is 9115 > 982? Answer:
5,4,2, 9,0.10015185177326202,0.9987454414367676,411,0,Is 9115 > 982? Answer:
5,4,3,115,0.20031754672527313,1.0,411,0,Is 9115 > 982? Answer:
5,4,5, 9,0.0017698435112833977,0.016121579334139824,411,0,Is 9115 > 982? Answer:
5,4,6,82,0.11390610039234161,0.9819433093070984,411,0,Is 9115 > 982? Answer:
5,5,2, 9,0.12777552008628845,0.9762700200080872,411,0,Is 9115 > 982? Answer:
5,5,3,115,0.20886191725730896,0.9999761581420898,411,0,Is 9115 > 982? Answer:
5,5,5, 9,0.0034529983531683683,0.02036719024181366,411,0,Is 9115 > 982? Answer:
5,5,6,82,0.11492276191711426,0.9236917495727539,411,0,Is 9115 > 982? Answer:
5,6,2, 9,0.019868243485689163,0.19868244230747223,411,0,Is 9115 > 982? Answer:
5,6,3,115,0.37780505418777466,1.0,411,0,Is 9115 > 982? Answer:
5,6,5, 9,3.5274172471844167e-09,3.527271275061139e-08,411,0,Is 9115 > 982? Answer:
5,6,6,82,0.02226891741156578,0.22202469408512115,411,0,Is 9115 > 982? Answer:
5,7,2, 9,0.1222166046500206,0.9776282906532288,411,0,Is 9115 > 982? Answer:
5,7,3,115,0.0006701113888993859,0.006315995939075947,411,0,Is 9115 > 982? Answer:
5,7,5, 9,0.06301488727331161,0.41541796922683716,411,0,Is 9115 > 982? Answer:
5,7,6,82,0.13225579261779785,0.827985405921936,411,0,Is 9115 > 982? Answer:
