Neuron,LogitDiff
Layer5Neuron1166,0.1677132546901703
Layer5Neuron856,0.16033592820167542
Layer5Neuron666,0.14897212386131287
Layer5Neuron848,0.14542675018310547
Layer5Neuron1903,0.13404083251953125
Layer5Neuron297,0.12352810055017471
Layer5Neuron250,0.12323284149169922
Layer5Neuron969,0.121923066675663
Layer5Neuron1025,0.12191877514123917
Layer5Neuron326,0.11956844478845596
Layer5Neuron446,0.11714305728673935
Layer5Neuron58,0.1095496192574501
Layer5Neuron224,0.10950984805822372
Layer5Neuron1867,0.10688171535730362
Layer5Neuron1476,0.09968958050012589
Layer5Neuron1469,0.09670887142419815
Layer5Neuron1419,0.09562826156616211
Layer5Neuron1326,0.08772601932287216
Layer5Neuron431,0.08667230606079102
Layer5Neuron1571,0.08381013572216034
Layer5Neuron1337,0.08154821395874023
Layer5Neuron805,0.07804699242115021
Layer5Neuron1506,0.07784824073314667
Layer5Neuron1034,0.07644615322351456
Layer5Neuron28,0.07643298804759979
Layer5Neuron662,0.0756656676530838
Layer5Neuron167,0.07547159492969513
Layer5Neuron2010,0.07495574653148651
Layer5Neuron749,0.07493791729211807
Layer5Neuron1420,0.07420168071985245
Layer5Neuron669,0.07099141925573349
Layer5Neuron791,0.07082824409008026
Layer5Neuron1642,0.06942157447338104
Layer5Neuron20,0.0692892074584961
Layer5Neuron1008,0.06748561561107635
Layer5Neuron1206,0.064562126994133
Layer5Neuron2001,0.06431541591882706
Layer5Neuron228,0.06322593986988068
Layer5Neuron1390,0.06238384172320366
Layer5Neuron55,0.06229104846715927
Layer5Neuron1105,0.062247179448604584
Layer5Neuron1047,0.06196918338537216
Layer5Neuron459,0.05829601362347603
Layer5Neuron1309,0.05699510499835014
Layer5Neuron477,0.05681419372558594
Layer5Neuron433,0.05652771145105362
Layer5Neuron1342,0.056426145136356354
Layer5Neuron1322,0.056342411786317825
Layer5Neuron1292,0.05195045471191406
Layer5Neuron2007,0.050777338445186615
Layer5Neuron1779,0.05015134811401367
Layer5Neuron563,0.049485303461551666
Layer5Neuron953,0.0491238608956337
Layer5Neuron1682,0.04860353469848633
Layer5Neuron113,0.04844465106725693
Layer5Neuron1431,0.04770383983850479
Layer5Neuron180,0.04747448116540909
Layer5Neuron1857,0.04738635942339897
Layer5Neuron1543,0.0471438392996788
Layer5Neuron1311,0.04626636579632759
Layer5Neuron269,0.046209048479795456
Layer5Neuron1113,0.045896053314208984
Layer5Neuron1052,0.0450713150203228
Layer5Neuron1031,0.044974327087402344
Layer5Neuron547,0.04485521465539932
Layer5Neuron2039,0.044365692883729935
Layer5Neuron1994,0.0438322052359581
Layer5Neuron415,0.04363365098834038
Layer5Neuron527,0.043488312512636185
Layer5Neuron334,0.043038368225097656
Layer5Neuron1366,0.04258441925048828
Layer5Neuron107,0.041887473315000534
Layer5Neuron1843,0.04179496690630913
Layer5Neuron1537,0.04065723344683647
Layer5Neuron14,0.039766598492860794
Layer5Neuron1667,0.03860664367675781
Layer5Neuron732,0.038518428802490234
Layer5Neuron568,0.038271524012088776
Layer5Neuron542,0.03770723193883896
Layer5Neuron260,0.037676334381103516
Layer5Neuron1860,0.037561796605587006
Layer5Neuron718,0.03730573505163193
Layer5Neuron1853,0.03675021976232529
Layer5Neuron1450,0.03668403625488281
Layer5Neuron320,0.03658714145421982
Layer5Neuron712,0.036437034606933594
Layer5Neuron1942,0.036348916590213776
Layer5Neuron356,0.03626050800085068
Layer5Neuron2042,0.03625202178955078
Layer5Neuron1220,0.03618593141436577
Layer5Neuron287,0.03604478761553764
Layer5Neuron829,0.03596534579992294
Layer5Neuron841,0.03581972047686577
Layer5Neuron1064,0.03570957109332085
Layer5Neuron205,0.03564796596765518
Layer5Neuron1428,0.035109709948301315
Layer5Neuron345,0.03476600721478462
Layer5Neuron855,0.034514427185058594
Layer5Neuron1120,0.03342094272375107
Layer5Neuron1057,0.033231161534786224
Layer5Neuron82,0.03299751132726669
Layer5Neuron1605,0.03161296993494034
Layer5Neuron1287,0.031383611261844635
Layer5Neuron105,0.031383514404296875
Layer5Neuron832,0.031035423278808594
Layer5Neuron622,0.030585383996367455
Layer5Neuron845,0.030572127550840378
Layer5Neuron840,0.030466461554169655
Layer5Neuron1563,0.029919719323515892
Layer5Neuron436,0.029531478881835938
Layer5Neuron1201,0.029103850945830345
Layer5Neuron1675,0.029028987511992455
Layer5Neuron204,0.029011249542236328
Layer5Neuron1773,0.02872467041015625
Layer5Neuron163,0.028543759137392044
Layer5Neuron1301,0.028393840417265892
Layer5Neuron213,0.028169060125947
Layer5Neuron283,0.027939796447753906
Layer5Neuron1546,0.027666281908750534
Layer5Neuron499,0.027463531121611595
Layer5Neuron1768,0.026823997497558594
Layer5Neuron596,0.026590537279844284
Layer5Neuron1317,0.026422787457704544
Layer5Neuron1750,0.025849437341094017
Layer5Neuron1019,0.025651073083281517
Layer5Neuron69,0.025095557793974876
Layer5Neuron623,0.02495880052447319
Layer5Neuron162,0.024831008166074753
Layer5Neuron128,0.02475147321820259
Layer5Neuron974,0.024345779791474342
Layer5Neuron1104,0.023856258019804955
Layer5Neuron1276,0.023464012891054153
Layer5Neuron350,0.023366928100585938
Layer5Neuron763,0.023256683722138405
Layer5Neuron1645,0.023146534338593483
Layer5Neuron957,0.023009587079286575
Layer5Neuron468,0.022789383307099342
Layer5Neuron1572,0.022546768188476562
Layer5Neuron1214,0.022542189806699753
Layer5Neuron410,0.02239227294921875
Layer5Neuron1933,0.02227764204144478
Layer5Neuron858,0.022026443853974342
Layer5Neuron1491,0.021863078698515892
Layer5Neuron1197,0.021854400634765625
Layer5Neuron298,0.02174835279583931
Layer5Neuron1181,0.021660422906279564
Layer5Neuron579,0.02151021920144558
Layer5Neuron2047,0.02115316316485405
Layer5Neuron1398,0.020998859778046608
Layer5Neuron1874,0.02095041237771511
Layer5Neuron1126,0.02063732221722603
Layer5Neuron1896,0.020610904321074486
Layer5Neuron203,0.02015657350420952
Layer5Neuron1241,0.020046520978212357
Layer5Neuron68,0.019980430603027344
Layer5Neuron1780,0.019865702837705612
Layer5Neuron1997,0.01982135698199272
Layer5Neuron1369,0.01966695860028267
Layer5Neuron1504,0.01938943937420845
Layer5Neuron678,0.01930999755859375
Layer5Neuron1673,0.019204044714570045
Layer5Neuron978,0.01910257339477539
Layer5Neuron586,0.01871023140847683
Layer5Neuron1505,0.018582439050078392
Layer5Neuron15,0.0185515396296978
Layer5Neuron742,0.018516158685088158
Layer5Neuron879,0.018436908721923828
Layer5Neuron1974,0.018375109881162643
Layer5Neuron965,0.018370818346738815
Layer5Neuron1957,0.01822519302368164
Layer5Neuron1846,0.01818552054464817
Layer5Neuron1014,0.018053149804472923
Layer5Neuron486,0.01798686943948269
Layer5Neuron1626,0.017973804846405983
Layer5Neuron1749,0.017916489392518997
Layer5Neuron343,0.017819691449403763
Layer5Neuron340,0.017718028277158737
Layer5Neuron1804,0.017621135339140892
Layer5Neuron361,0.017598818987607956
Layer5Neuron1631,0.017559338361024857
Layer5Neuron753,0.01747121848165989
Layer5Neuron472,0.017462443560361862
Layer5Neuron256,0.017316818237304688
Layer5Neuron307,0.017162704840302467
Layer5Neuron1247,0.017158031463623047
Layer5Neuron671,0.017003918066620827
Layer5Neuron1211,0.016920089721679688
Layer5Neuron1038,0.01681842841207981
Layer5Neuron231,0.01674365997314453
Layer5Neuron891,0.016522979363799095
Layer5Neuron1624,0.01645689085125923
Layer5Neuron1949,0.016333390027284622
Layer5Neuron1243,0.01630706712603569
Layer5Neuron1702,0.016258621588349342
Layer5Neuron518,0.015967274084687233
Layer5Neuron444,0.015843963250517845
Layer5Neuron420,0.015795325860381126
Layer5Neuron2044,0.015548324212431908
Layer5Neuron818,0.015544223599135876
Layer5Neuron1046,0.015186786651611328
Layer5Neuron1822,0.015045737847685814
Layer5Neuron1325,0.015027999877929688
Layer5Neuron1454,0.015019225887954235
Layer5Neuron2008,0.014878273010253906
Layer5Neuron150,0.014754867181181908
Layer5Neuron808,0.01474142074584961
Layer5Neuron1334,0.014631271362304688
Layer5Neuron943,0.014626884832978249
Layer5Neuron337,0.014512062072753906
Layer5Neuron286,0.01446380652487278
Layer5Neuron770,0.01444168109446764
Layer5Neuron908,0.014243125915527344
Layer5Neuron1995,0.01418600045144558
Layer5Neuron701,0.014177131466567516
Layer5Neuron696,0.014168167486786842
Layer5Neuron1712,0.01414194144308567
Layer5Neuron919,0.013978672213852406
Layer5Neuron116,0.013947772793471813
Layer5Neuron487,0.013890361413359642
Layer5Neuron1665,0.013868331909179688
Layer5Neuron1095,0.013758373446762562
Layer5Neuron823,0.013736057095229626
Layer5Neuron109,0.013669967651367188
Layer5Neuron1561,0.01358184777200222
Layer5Neuron1083,0.013551044277846813
Layer5Neuron183,0.013533497229218483
Layer5Neuron661,0.013286399655044079
Layer5Neuron1207,0.013207053765654564
Layer5Neuron291,0.013189315795898438
Layer5Neuron1901,0.013083457946777344
Layer5Neuron6,0.013083457946777344
Layer5Neuron1435,0.013074779883027077
Layer5Neuron1803,0.012858676724135876
Layer5Neuron196,0.012832355685532093
Layer5Neuron539,0.012810135260224342
Layer5Neuron1169,0.012792682275176048
Layer5Neuron1134,0.012792682275176048
Layer5Neuron1513,0.012598419561982155
Layer5Neuron259,0.012386798858642578
Layer5Neuron363,0.012373638339340687
Layer5Neuron0,0.012342738918960094
Layer5Neuron378,0.012117862701416016
Layer5Neuron1748,0.012082481756806374
Layer5Neuron1020,0.012073611840605736
Layer5Neuron1193,0.012073611840605736
Layer5Neuron1009,0.012060451321303844
Layer5Neuron1600,0.012020873837172985
Layer5Neuron1077,0.011936950497329235
Layer5Neuron1744,0.011928367428481579
Layer5Neuron1889,0.01190176047384739
Layer5Neuron1731,0.011884117498993874
Layer5Neuron1835,0.01185760460793972
Layer5Neuron827,0.011822318658232689
Layer5Neuron83,0.01169881783425808
Layer5Neuron868,0.011694526299834251
Layer5Neuron890,0.01164169330149889
Layer5Neuron1807,0.011628341861069202
Layer5Neuron525,0.011628150939941406
Layer5Neuron351,0.011579799465835094
Layer5Neuron2020,0.011394595727324486
Layer5Neuron1736,0.01131515484303236
Layer5Neuron1514,0.011231422424316406
Layer5Neuron1278,0.01117410697042942
Layer5Neuron1153,0.011152076534926891
Layer5Neuron2038,0.01111679058521986
Layer5Neuron403,0.011112404055893421
Layer5Neuron1598,0.011019706726074219
Layer5Neuron2035,0.011011123657226562
Layer5Neuron1502,0.010988998226821423
Layer5Neuron400,0.010962581261992455
Layer5Neuron1328,0.010931586846709251
Layer5Neuron1785,0.01075525302439928
Layer5Neuron1403,0.010675812140107155
Layer5Neuron747,0.010640621185302734
Layer5Neuron1882,0.010578823275864124
Layer5Neuron360,0.010525894351303577
Layer5Neuron581,0.010450934991240501
Layer5Neuron1145,0.010450934991240501
Layer5Neuron285,0.01037588156759739
Layer5Neuron34,0.010371590033173561
Layer5Neuron1721,0.010296535678207874
Layer5Neuron2034,0.010199641808867455
Layer5Neuron520,0.010181998834013939
Layer5Neuron265,0.010111331939697266
Layer5Neuron1573,0.010036468505859375
Layer5Neuron1049,0.009948348626494408
Layer5Neuron1459,0.009912872686982155
Layer5Neuron1915,0.009899807162582874
Layer5Neuron288,0.009899807162582874
Layer5Neuron1,0.009877681732177734
Layer5Neuron512,0.00987319927662611
Layer5Neuron1634,0.009838104248046875
Layer5Neuron1879,0.009762954898178577
Layer5Neuron243,0.009657097049057484
Layer5Neuron2003,0.009634971618652344
Layer5Neuron1119,0.009573554620146751
Layer5Neuron884,0.00957345962524414
Layer5Neuron1228,0.009533691219985485
Layer5Neuron348,0.009348678402602673
Layer5Neuron1324,0.009335231967270374
Layer5Neuron632,0.009286689572036266
Layer5Neuron854,0.009220600128173828
Layer5Neuron391,0.009127998724579811
Layer5Neuron566,0.009026527404785156
Layer5Neuron381,0.008960628882050514
Layer5Neuron110,0.008960342034697533
Layer5Neuron37,0.008920764550566673
Layer5Neuron330,0.008920764550566673
Layer5Neuron1741,0.008863640017807484
Layer5Neuron1656,0.008819294162094593
Layer5Neuron1483,0.008806228637695312
Layer5Neuron1589,0.008793068118393421
Layer5Neuron201,0.00877523422241211
Layer5Neuron155,0.008731270208954811
Layer5Neuron1281,0.008713627234101295
Layer5Neuron476,0.00871353130787611
Layer5Neuron418,0.008687210269272327
Layer5Neuron638,0.008642959408462048
Layer5Neuron211,0.00861206091940403
Layer5Neuron1030,0.00859899539500475
Layer5Neuron1693,0.00857696495950222
Layer5Neuron1906,0.008559226989746094
Layer5Neuron1384,0.008519363589584827
Layer5Neuron1000,0.008448982611298561
Layer5Neuron641,0.008435726165771484
Layer5Neuron771,0.008409309200942516
Layer5Neuron1883,0.008334350772202015
Layer5Neuron793,0.00832986831665039
Layer5Neuron1691,0.00830774288624525
Layer5Neuron830,0.008285904303193092
Layer5Neuron1581,0.008215236477553844
Layer5Neuron5,0.00821075402200222
Layer5Neuron1973,0.008171367458999157
Layer5Neuron1440,0.008157921023666859
Layer5Neuron479,0.008149242028594017
Layer5Neuron1794,0.00810937862843275
Layer5Neuron769,0.008100604638457298
Layer5Neuron100,0.008087444119155407
Layer5Neuron903,0.008065318688750267
Layer5Neuron1495,0.007999325171113014
Layer5Neuron189,0.007999134249985218
Layer5Neuron1332,0.00796804390847683
Layer5Neuron121,0.00795059185475111
Layer5Neuron1204,0.007946300320327282
Layer5Neuron933,0.007875633426010609
Layer5Neuron482,0.007747745607048273
Layer5Neuron1170,0.007699298672378063
Layer5Neuron1641,0.0076462747529149055
Layer5Neuron1525,0.007641983218491077
Layer5Neuron1299,0.007628726772964001
Layer5Neuron577,0.007615470793098211
Layer5Neuron281,0.007597923278808594
Layer5Neuron1350,0.007597827818244696
Layer5Neuron877,0.0074787139892578125
Layer5Neuron1439,0.007425880525261164
Layer5Neuron502,0.007417106535285711
Layer5Neuron1628,0.00738182058557868
Layer5Neuron1298,0.0073683736845850945
Layer5Neuron430,0.007337761111557484
Layer5Neuron103,0.007262611296027899
Layer5Neuron1623,0.007245063781738281
Layer5Neuron1500,0.007240772247314453
Layer5Neuron315,0.007183360867202282
Layer5Neuron758,0.007152557373046875
Layer5Neuron1666,0.007068634033203125
Layer5Neuron358,0.007006931118667126
Layer5Neuron1984,0.006984901614487171
Layer5Neuron408,0.006976032163947821
Layer5Neuron1686,0.0069672586396336555
Layer5Neuron963,0.006945228669792414
Layer5Neuron886,0.006936359219253063
Layer5Neuron1351,0.006914329715073109
Layer5Neuron1738,0.006843852810561657
Layer5Neuron1059,0.006795120425522327
Layer5Neuron1844,0.006724834442138672
Layer5Neuron1379,0.006698322482407093
Layer5Neuron170,0.00664100656285882
Layer5Neuron888,0.00664100656285882
Layer5Neuron131,0.006636715028434992
Layer5Neuron795,0.006610202603042126
Layer5Neuron564,0.006592655088752508
Layer5Neuron175,0.006526279263198376
Layer5Neuron494,0.006451320834457874
Layer5Neuron1975,0.006429195404052734
Layer5Neuron920,0.006380843929946423
Layer5Neuron2019,0.006354331970214844
Layer5Neuron1345,0.006336498074233532
Layer5Neuron1482,0.006257343105971813
Layer5Neuron1480,0.006230735685676336
Layer5Neuron216,0.006226444151252508
Layer5Neuron352,0.006200027652084827
Layer5Neuron475,0.006173610687255859
Layer5Neuron1558,0.0061248778365552425
Layer5Neuron1082,0.006076526828110218
Layer5Neuron144,0.005997180938720703
Layer5Neuron514,0.005979347042739391
Layer5Neuron1406,0.005935287568718195
Layer5Neuron1249,0.005909061525017023
Layer5Neuron16,0.005882454104721546
Layer5Neuron597,0.00587806710973382
Layer5Neuron176,0.005820751190185547
Layer5Neuron1677,0.005811882205307484
Layer5Neuron63,0.005785560701042414
Layer5Neuron2045,0.005728244781494141
Layer5Neuron1934,0.005692863371223211
Layer5Neuron139,0.005675315856933594
Layer5Neuron323,0.005666541866958141
Layer5Neuron1862,0.00563125591725111
Layer5Neuron362,0.005622196011245251
Layer5Neuron1891,0.005604648496955633
Layer5Neuron1195,0.005600356962531805
Layer5Neuron1374,0.005573749542236328
Layer5Neuron871,0.005534267518669367
Layer5Neuron318,0.005507564637809992
Layer5Neuron88,0.005490112118422985
Layer5Neuron123,0.005463600158691406
Layer5Neuron1541,0.005432701203972101
Layer5Neuron1376,0.005344390869140625
Layer5Neuron540,0.005331230349838734
Layer5Neuron419,0.005318069364875555
Layer5Neuron54,0.005256271455436945
Layer5Neuron247,0.005247592926025391
Layer5Neuron1583,0.005225467495620251
Layer5Neuron1540,0.005221080966293812
Layer5Neuron1669,0.005220890045166016
Layer5Neuron972,0.0051856995560228825
Layer5Neuron794,0.005168056581169367
Layer5Neuron1150,0.005137252621352673
Layer5Neuron1434,0.0051063536666333675
Layer5Neuron254,0.005101966671645641
Layer5Neuron958,0.00508880615234375
Layer5Neuron1689,0.005079937167465687
Layer5Neuron1254,0.005044460296630859
Layer5Neuron218,0.005036068148910999
Layer5Neuron1222,0.004956436343491077
Layer5Neuron1393,0.004938793368637562
Layer5Neuron555,0.004868507385253906
Layer5Neuron1823,0.004854965023696423
Layer5Neuron1205,0.004837417509406805
Layer5Neuron2002,0.004819774534553289
Layer5Neuron1400,0.004819679073989391
Layer5Neuron1813,0.004779815673828125
Layer5Neuron1076,0.004758072085678577
Layer5Neuron1529,0.004757976625114679
Layer5Neuron1417,0.004749393556267023
Layer5Neuron970,0.004731559660285711
Layer5Neuron1310,0.00471839914098382
Layer5Neuron344,0.0047095296904444695
Layer5Neuron1766,0.004691886715590954
Layer5Neuron141,0.00466995220631361
Layer5Neuron413,0.004647540859878063
Layer5Neuron1218,0.00461235037073493
Layer5Neuron1023,0.004599380306899548
Layer5Neuron1921,0.004599285311996937
Layer5Neuron447,0.004599285311996937
Layer5Neuron1658,0.0045684813521802425
Layer5Neuron1978,0.004559612367302179
Layer5Neuron1937,0.0045375823974609375
Layer5Neuron1950,0.004519843962043524
Layer5Neuron1430,0.004431533627212048
Layer5Neuron244,0.004400825593620539
Layer5Neuron1833,0.004391956143081188
Layer5Neuron1892,0.004378891084343195
Layer5Neuron1729,0.004361343570053577
Layer5Neuron1385,0.004361248109489679
Layer5Neuron1959,0.004352378658950329
Layer5Neuron369,0.004317188169807196
Layer5Neuron1884,0.00429954519495368
Layer5Neuron397,0.0042817117646336555
Layer5Neuron1604,0.004255103878676891
Layer5Neuron1728,0.004251003265380859
Layer5Neuron1274,0.0042288778349757195
Layer5Neuron1343,0.004228782840073109
Layer5Neuron1723,0.004219913389533758
Layer5Neuron424,0.004180335905402899
Layer5Neuron474,0.004158305935561657
Layer5Neuron161,0.004149532411247492
Layer5Neuron1058,0.00412750244140625
Layer5Neuron1102,0.004105472471565008
Layer5Neuron197,0.004096508026123047
Layer5Neuron1236,0.004092025570571423
Layer5Neuron42,0.004078865051269531
Layer5Neuron276,0.004057026002556086
Layer5Neuron1611,0.004043674562126398
Layer5Neuron1726,0.004039192106574774
Layer5Neuron1659,0.0040260315872728825
Layer5Neuron450,0.004025936126708984
Layer5Neuron865,0.004008388612419367
Layer5Neuron332,0.003986358642578125
Layer5Neuron187,0.003977394197136164
Layer5Neuron1171,0.003973198123276234
Layer5Neuron1501,0.003959846682846546
Layer5Neuron773,0.00390701275318861
Layer5Neuron844,0.0039026259910315275
Layer5Neuron519,0.003902530763298273
Layer5Neuron101,0.0038627623580396175
Layer5Neuron36,0.0038407326210290194
Layer5Neuron1520,0.0037966729141771793
Layer5Neuron867,0.0037304877769201994
Layer5Neuron1620,0.0037130354903638363
Layer5Neuron1968,0.003677463624626398
Layer5Neuron1796,0.003664302872493863
Layer5Neuron393,0.003655719803646207
Layer5Neuron115,0.0036423683632165194
Layer5Neuron240,0.0036113739479333162
Layer5Neuron1168,0.00355873117223382
Layer5Neuron117,0.0035542487166821957
Layer5Neuron1124,0.0035541534889489412
Layer5Neuron1460,0.003554058028385043
Layer5Neuron1638,0.003545570420101285
Layer5Neuron1920,0.0035234452225267887
Layer5Neuron1461,0.0034792900551110506
Layer5Neuron442,0.0034439086448401213
Layer5Neuron939,0.0033822059631347656
Layer5Neuron38,0.0033821105025708675
Layer5Neuron426,0.003377723740413785
Layer5Neuron1965,0.0033557892311364412
Layer5Neuron198,0.003351497696712613
Layer5Neuron1539,0.0033292770385742188
Layer5Neuron491,0.0033292770385742188
Layer5Neuron1824,0.00332050328142941
Layer5Neuron1742,0.00332050328142941
Layer5Neuron1671,0.003307342529296875
Layer5Neuron1344,0.003254509065300226
Layer5Neuron1290,0.003250026609748602
Layer5Neuron873,0.003227806184440851
Layer5Neuron1584,0.003219127655029297
Layer5Neuron1016,0.003175067948177457
Layer5Neuron997,0.0031749724876135588
Layer5Neuron232,0.0031748772598803043
Layer5Neuron248,0.003170585725456476
Layer5Neuron1646,0.003170490264892578
Layer5Neuron1269,0.003166103269904852
Layer5Neuron184,0.003153037978336215
Layer5Neuron485,0.0031482696067541838
Layer5Neuron1718,0.0031439780723303556
Layer5Neuron657,0.003135108854621649
Layer5Neuron620,0.0031265257857739925
Layer5Neuron1890,0.00312213902361691
Layer5Neuron659,0.003113269805908203
Layer5Neuron1674,0.0030914307571947575
Layer5Neuron1184,0.003069210099056363
Layer5Neuron1151,0.0030427933670580387
Layer5Neuron1663,0.0030383109115064144
Layer5Neuron768,0.003025054931640625
Layer5Neuron1550,0.002980899764224887
Layer5Neuron633,0.0029766082298010588
Layer5Neuron899,0.002967739012092352
Layer5Neuron603,0.0029675483237951994
Layer5Neuron614,0.0029544830322265625
Layer5Neuron1313,0.002941227052360773
Layer5Neuron1703,0.002928066300228238
Layer5Neuron691,0.002914810087531805
Layer5Neuron1478,0.0029104233253747225
Layer5Neuron1713,0.0028884888160973787
Layer5Neuron1699,0.0028661726973950863
Layer5Neuron936,0.002835178282111883
Layer5Neuron2033,0.002817821456119418
Layer5Neuron672,0.0028134346939623356
Layer5Neuron1147,0.0028089522384107113
Layer5Neuron683,0.0027781487442553043
Layer5Neuron780,0.0027692795265465975
Layer5Neuron1507,0.002742862794548273
Layer5Neuron1436,0.002742767333984375
Layer5Neuron195,0.0027340888045728207
Layer5Neuron737,0.0027339935768395662
Layer5Neuron1118,0.002733898116275668
Layer5Neuron1756,0.0027162551414221525
Layer5Neuron1684,0.0027030943892896175
Layer5Neuron779,0.002685451414436102
Layer5Neuron1178,0.002654552459716797
Layer5Neuron1467,0.0026459693908691406
Layer5Neuron966,0.002641391707584262
Layer5Neuron1331,0.0026281357277184725
Layer5Neuron255,0.0026149749755859375
Layer5Neuron640,0.002610492752864957
Layer5Neuron1912,0.002584171248599887
Layer5Neuron1503,0.0025838850997388363
Layer5Neuron513,0.0025665282737463713
Layer5Neuron1396,0.0025267601013183594
Layer5Neuron1165,0.0025266646407544613
Layer5Neuron767,0.0025091171264648438
Layer5Neuron608,0.002504634903743863
Layer5Neuron1429,0.002500343369320035
Layer5Neuron45,0.002500343369320035
Layer5Neuron1875,0.002500247908756137
Layer5Neuron1752,0.0024959563743323088
Layer5Neuron992,0.002482891082763672
Layer5Neuron705,0.0024826049339026213
Layer5Neuron1795,0.0024606704246252775
Layer5Neuron102,0.002456092741340399
Layer5Neuron434,0.0024340630043298006
Layer5Neuron931,0.0024296760093420744
Layer5Neuron853,0.0024209977127611637
Layer5Neuron1913,0.002420711563900113
Layer5Neuron388,0.0024166107177734375
Layer5Neuron1456,0.0024077415000647306
Layer5Neuron1294,0.002398872282356024
Layer5Neuron1340,0.0023944855201989412
Layer5Neuron1757,0.002390098525211215
Layer5Neuron2030,0.0023857117630541325
Layer5Neuron1157,0.0023767470847815275
Layer5Neuron537,0.002372264862060547
Layer5Neuron649,0.002368068788200617
Layer5Neuron989,0.00235919957049191
Layer5Neuron1774,0.002359104109928012
Layer5Neuron665,0.0023546218872070312
Layer5Neuron1304,0.0023415565956383944
Layer5Neuron860,0.0023196220863610506
Layer5Neuron398,0.0023195266257971525
Layer5Neuron675,0.002314948942512274
Layer5Neuron76,0.002288818359375
Layer5Neuron831,0.0022797584533691406
Layer5Neuron1263,0.0022796629928052425
Layer5Neuron2025,0.002270984696224332
Layer5Neuron78,0.0022488594986498356
Layer5Neuron1936,0.002240085508674383
Layer5Neuron1946,0.0022356987465173006
Layer5Neuron559,0.002213764237239957
Layer5Neuron1137,0.0022136687766760588
Layer5Neuron1603,0.0022135735489428043
Layer5Neuron1747,0.002204799558967352
Layer5Neuron1078,0.0022047043312340975
Layer5Neuron31,0.0021827698219567537
Layer5Neuron2000,0.0021783828269690275
Layer5Neuron505,0.0021783828269690275
Layer5Neuron1062,0.0021783828269690275
Layer5Neuron1827,0.002121067140251398
Layer5Neuron1613,0.002098941709846258
Layer5Neuron929,0.00209465017542243
Layer5Neuron1852,0.0020813941955566406
Layer5Neuron647,0.002072620438411832
Layer5Neuron172,0.0020682334434241056
Layer5Neuron1522,0.00205059046857059
Layer5Neuron427,0.0020416260231286287
Layer5Neuron2011,0.002032756805419922
Layer5Neuron1972,0.002019596053287387
Layer5Neuron541,0.0020153045188635588
Layer5Neuron1676,0.002006435301154852
Layer5Neuron1409,0.0020063400734215975
Layer5Neuron557,0.0019931793212890625
Layer5Neuron1348,0.0019888877868652344
Layer5Neuron106,0.001984500791877508
Layer5Neuron923,0.001984119415283203
Layer5Neuron1341,0.0019621849060058594
Layer5Neuron1404,0.0019578933715820312
Layer5Neuron1377,0.001953601837158203
Layer5Neuron1001,0.001953506376594305
Layer5Neuron1239,0.00194463727530092
Layer5Neuron1395,0.0019358635181561112
Layer5Neuron357,0.001935768174007535
Layer5Neuron313,0.0019269943004474044
Layer5Neuron571,0.0019227981101721525
Layer5Neuron1086,0.001909446669742465
Layer5Neuron122,0.00190057756844908
Layer5Neuron843,0.0019004822243005037
Layer5Neuron572,0.0018918036948889494
Layer5Neuron1876,0.0018917083507403731
Layer5Neuron621,0.0018873214721679688
Layer5Neuron857,0.0018696784973144531
Layer5Neuron1041,0.0018389702308923006
Layer5Neuron660,0.0018257141346111894
Layer5Neuron1836,0.001821231795474887
Layer5Neuron930,0.0018211364513263106
Layer5Neuron1072,0.0017992972861975431
Layer5Neuron1172,0.0017902373801916838
Layer5Neuron698,0.0017813682788982987
Layer5Neuron386,0.0017506598960608244
Layer5Neuron954,0.0017418861389160156
Layer5Neuron762,0.0017418861389160156
Layer5Neuron917,0.0017287253867834806
Layer5Neuron835,0.0017108917236328125
Layer5Neuron1510,0.0016934394370764494
Layer5Neuron2031,0.001684474991634488
Layer5Neuron1797,0.0016757011180743575
Layer5Neuron1472,0.0016625404823571444
Layer5Neuron146,0.001644992851652205
Layer5Neuron1953,0.0016448975075036287
Layer5Neuron1312,0.0016404151683673263
Layer5Neuron1028,0.0016358376014977694
Layer5Neuron416,0.0016316414112225175
Layer5Neuron695,0.0016096115577965975
Layer5Neuron181,0.0015918731223791838
Layer5Neuron171,0.0015873908996582031
Layer5Neuron1988,0.0015829086769372225
Layer5Neuron1998,0.0015743256080895662
Layer5Neuron98,0.0015743256080895662
Layer5Neuron1130,0.0015698432689532638
Layer5Neuron136,0.0015655517345294356
Layer5Neuron1107,0.0015653610462322831
Layer5Neuron1733,0.0015609741676598787
Layer5Neuron1217,0.00154790875967592
Layer5Neuron606,0.0015435218811035156
Layer5Neuron510,0.001538944197818637
Layer5Neuron988,0.001538944197818637
Layer5Neuron311,0.00152587890625
Layer5Neuron1146,0.0015213012229651213
Layer5Neuron1610,0.0015167236560955644
Layer5Neuron1632,0.00151233677752316
Layer5Neuron1421,0.0015036582481116056
Layer5Neuron1346,0.00148601527325809
Layer5Neuron1708,0.0014773368602618575
Layer5Neuron1524,0.0014681816101074219
Layer5Neuron1448,0.0014509201282635331
Layer5Neuron524,0.0014462471008300781
Layer5Neuron26,0.0014329910045489669
Layer5Neuron1194,0.0014286994701251388
Layer5Neuron800,0.0014065742725506425
Layer5Neuron365,0.0014023780822753906
Layer5Neuron1570,0.00139789585955441
Layer5Neuron720,0.00139789585955441
Layer5Neuron1771,0.0013846397632732987
Layer5Neuron454,0.0013804435729980469
Layer5Neuron979,0.0013759613502770662
Layer5Neuron1597,0.0013759613502770662
Layer5Neuron1519,0.0013758658897131681
Layer5Neuron895,0.0013713836669921875
Layer5Neuron1562,0.0013625144492834806
Layer5Neuron613,0.0013582229148596525
Layer5Neuron1551,0.0013537406921386719
Layer5Neuron1284,0.001340579940006137
Layer5Neuron1486,0.001340579940006137
Layer5Neuron71,0.0013315200340002775
Layer5Neuron663,0.0013141632080078125
Layer5Neuron193,0.0013140678638592362
Layer5Neuron1619,0.00131397251971066
Layer5Neuron1232,0.0013096809852868319
Layer5Neuron788,0.0013009071117267013
Layer5Neuron1705,0.0013006210792809725
Layer5Neuron921,0.00128765101544559
Layer5Neuron664,0.0012874603271484375
Layer5Neuron1260,0.001278781914152205
Layer5Neuron335,0.0012700080405920744
Layer5Neuron605,0.001256752060726285
Layer5Neuron366,0.001256656600162387
Layer5Neuron262,0.0012522697215899825
Layer5Neuron440,0.0012478828430175781
Layer5Neuron1549,0.0012082100147381425
Layer5Neuron959,0.001203823136165738
Layer5Neuron1902,0.00120372767560184
Layer5Neuron292,0.0011905670398846269
Layer5Neuron1870,0.0011860847007483244
Layer5Neuron565,0.0011730194091796875
Layer5Neuron1636,0.0011639595031738281
Layer5Neuron223,0.0011552810901775956
Layer5Neuron1389,0.0011507987510412931
Layer5Neuron1585,0.001146507216617465
Layer5Neuron726,0.0011464118724688888
Layer5Neuron543,0.0011288642417639494
Layer5Neuron872,0.0011200904846191406
Layer5Neuron501,0.0011070251930505037
Layer5Neuron93,0.0010980606311932206
Layer5Neuron1565,0.0010935782920569181
Layer5Neuron1070,0.0010848045349121094
Layer5Neuron1580,0.0010848045349121094
Layer5Neuron1156,0.0010847091907635331
Layer5Neuron536,0.0010803223121911287
Layer5Neuron1629,0.0010714530944824219
Layer5Neuron2016,0.0010628700256347656
Layer5Neuron1230,0.0010539054637774825
Layer5Neuron1719,0.0010496139293536544
Layer5Neuron1871,0.0010494232410565019
Layer5Neuron1579,0.0010494232410565019
Layer5Neuron914,0.0010406493674963713
Layer5Neuron73,0.0010406493674963713
Layer5Neuron394,0.0010142326354980469
Layer5Neuron1801,0.0010098457569256425
Layer5Neuron967,0.0010009765392169356
Layer5Neuron1724,0.0009963989723473787
Layer5Neuron2024,0.0009922027820721269
Layer5Neuron470,0.00098333356436342
Layer5Neuron1898,0.0009791373740881681
Layer5Neuron723,0.0009656905895099044
Layer5Neuron1180,0.0009656905895099044
Layer5Neuron1388,0.0009613990550860763
Layer5Neuron371,0.0009481430170126259
Layer5Neuron1079,0.0009480476146563888
Layer5Neuron1027,0.0009437560802325606
Layer5Neuron995,0.0009393692016601562
Layer5Neuron33,0.0009391784551553428
Layer5Neuron1982,0.0009390831110067666
Layer5Neuron495,0.0009348869207315147
Layer5Neuron1531,0.0009305000421591103
Layer5Neuron1336,0.0009262085077352822
Layer5Neuron364,0.0009260177612304688
Layer5Neuron1806,0.0009260177612304688
Layer5Neuron1339,0.0009260177612304688
Layer5Neuron1135,0.0009259224170818925
Layer5Neuron1122,0.0009171486017294228
Layer5Neuron1681,0.0009083747863769531
Layer5Neuron347,0.0009083747863769531
Layer5Neuron1494,0.0009082794422283769
Layer5Neuron1770,0.0008905410650186241
Layer5Neuron1922,0.0008862495305947959
Layer5Neuron964,0.0008818626520223916
Layer5Neuron409,0.0008775711175985634
Layer5Neuron1356,0.0008599281427450478
Layer5Neuron467,0.0008424759143963456
Layer5Neuron1399,0.000842189765535295
Layer5Neuron376,0.0008379936334677041
Layer5Neuron1784,0.0008246421930380166
Layer5Neuron9,0.0008158683776855469
Layer5Neuron497,0.0008113860967569053
Layer5Neuron1878,0.0008112907526083291
Layer5Neuron1411,0.0008024215931072831
Layer5Neuron1433,0.0007936477777548134
Layer5Neuron1044,0.0007850647089071572
Layer5Neuron1566,0.0007761001470498741
Layer5Neuron1267,0.0007628441089764237
Layer5Neuron876,0.0007540702936239541
Layer5Neuron1894,0.00074090959969908
Layer5Neuron1945,0.0007407188531942666
Layer5Neuron455,0.0007406234508380294
Layer5Neuron1003,0.0007363319164142013
Layer5Neuron1386,0.0007099151844158769
Layer5Neuron946,0.0007056236499920487
Layer5Neuron1586,0.0007011413690634072
Layer5Neuron1560,0.0006922722095623612
Layer5Neuron303,0.0006878852727822959
Layer5Neuron515,0.0006746292347088456
Layer5Neuron761,0.0006745338323526084
Layer5Neuron1347,0.0006702422979287803
Layer5Neuron968,0.0006660461658611894
Layer5Neuron2037,0.0006656646728515625
Layer5Neuron1238,0.0006614684825763106
Layer5Neuron111,0.0006614684825763106
Layer5Neuron1826,0.0006526947254315019
Layer5Neuron1818,0.000643825507722795
Layer5Neuron271,0.0006437301635742188
Layer5Neuron2014,0.0006437301635742188
Layer5Neuron604,0.0006394386291503906
Layer5Neuron1517,0.0006307602161541581
Layer5Neuron1643,0.0006304740672931075
Layer5Neuron1293,0.0006174087757244706
Layer5Neuron1250,0.0006130218389444053
Layer5Neuron1559,0.0006085395580157638
Layer5Neuron199,0.0006084442138671875
Layer5Neuron1365,0.0006084442138671875
Layer5Neuron32,0.0006041526794433594
Layer5Neuron576,0.0006040573352947831
Layer5Neuron449,0.0005951881175860763
Layer5Neuron230,0.0005864143604412675
Layer5Neuron488,0.0005822181701660156
Layer5Neuron1880,0.0005821228260174394
Layer5Neuron1021,0.0005777358892373741
Layer5Neuron822,0.0005732536083087325
Layer5Neuron1414,0.0005731582641601562
Layer5Neuron127,0.0005689620738849044
Layer5Neuron932,0.0005687713855877519
Layer5Neuron874,0.0005600929143838584
Layer5Neuron836,0.000559902167879045
Layer5Neuron1242,0.0005469322204589844
Layer5Neuron1511,0.00054254534188658
Layer5Neuron1776,0.000537872314453125
Layer5Neuron1655,0.0005335807800292969
Layer5Neuron1926,0.0005247116205282509
Layer5Neuron1739,0.0005247116205282509
Layer5Neuron1449,0.0005247116205282509
Layer5Neuron79,0.0005159378051757812
Layer5Neuron17,0.0005159378051757812
Layer5Neuron708,0.0005115509266033769
Layer5Neuron1781,0.0005071639898233116
Layer5Neuron1091,0.0004981994861736894
Layer5Neuron384,0.0004849433898925781
Layer5Neuron819,0.00047616957454010844
Layer5Neuron792,0.0004673957882914692
Layer5Neuron924,0.0004673004150390625
Layer5Neuron1360,0.0004673004150390625
Layer5Neuron940,0.0004631042538676411
Layer5Neuron755,0.0004630088806152344
Layer5Neuron1732,0.00046291350736282766
Layer5Neuron1457,0.0004542350652627647
Layer5Neuron1544,0.0004497528134379536
Layer5Neuron1497,0.0004497528134379536
Layer5Neuron1111,0.00042324064997956157
Layer5Neuron553,0.00042324064997956157
Layer5Neuron2004,0.0004231453058309853
Layer5Neuron916,0.00041904448880814016
Layer5Neuron783,0.00041894911555573344
Layer5Neuron1672,0.00041446686373092234
Layer5Neuron2040,0.00041446686373092234
Layer5Neuron707,0.0004057884216308594
Layer5Neuron973,0.0004057884216308594
Layer5Neuron1437,0.00040569304837845266
Layer5Neuron1989,0.00040569304837845266
Layer5Neuron75,0.00040121079655364156
Layer5Neuron221,0.00040121079655364156
Layer5Neuron1099,0.00038805007352493703
Layer5Neuron706,0.00038805007352493703
Layer5Neuron1864,0.0003837585391011089
Layer5Neuron2028,0.0003616333124227822
Layer5Neuron1800,0.00036144256591796875
Layer5Neuron1679,0.0003527641238179058
Layer5Neuron1039,0.0003396034298930317
Layer5Neuron134,0.0003307342412881553
Layer5Neuron711,0.0003131866396870464
Layer5Neuron741,0.0003131866396870464
Layer5Neuron752,0.0003130912664346397
Layer5Neuron1378,0.0003130912664346397
Layer5Neuron971,0.00031299592228606343
Layer5Neuron1127,0.0003087043878622353
Layer5Neuron1793,0.0003087043878622353
Layer5Neuron1900,0.0003086090146098286
Layer5Neuron1909,0.0002999305725097656
Layer5Neuron159,0.0002999305725097656
Layer5Neuron1397,0.0002998351992573589
Layer5Neuron560,0.00029096603975631297
Layer5Neuron715,0.00028667450533248484
Layer5Neuron757,0.00028667450533248484
Layer5Neuron324,0.00028667450533248484
Layer5Neuron1958,0.0002777099725790322
Layer5Neuron1711,0.00027341843815520406
Layer5Neuron1627,0.00027341843815520406
Layer5Neuron186,0.00027332306490279734
Layer5Neuron252,0.00026912690373137593
Layer5Neuron634,0.00025577546330168843
Layer5Neuron975,0.0002556800900492817
Layer5Neuron875,0.000255584716796875
Layer5Neuron733,0.0002514839288778603
Layer5Neuron1886,0.00024709702120162547
Layer5Neuron772,0.00024700164794921875
Layer5Neuron48,0.0002468109014444053
Layer5Neuron998,0.00024251938157249242
Layer5Neuron1538,0.00024251938157249242
Layer5Neuron174,0.0002424240083200857
Layer5Neuron1617,0.0002424240083200857
Layer5Neuron1602,0.00024232864961959422
Layer5Neuron1927,0.00023813247389625758
Layer5Neuron1992,0.00023384093947242945
Layer5Neuron1093,0.00022916794114280492
Layer5Neuron980,0.00022048949904274195
Layer5Neuron1788,0.00022048949904274195
Layer5Neuron1139,0.00022048949904274195
Layer5Neuron457,0.00022039414034225047
Layer5Neuron1215,0.00020732879056595266
Layer5Neuron654,0.00020713805861305445
Layer5Neuron169,0.00020284652418922633
Layer5Neuron2023,0.00020275116548873484
Layer5Neuron1187,0.0001983642578125
Layer5Neuron990,0.0001941680966410786
Layer5Neuron775,0.00019397735013626516
Layer5Neuron168,0.0001852035493357107
Layer5Neuron1190,0.0001808166562113911
Layer5Neuron84,0.00018072128295898438
Layer5Neuron1492,0.00017652512178756297
Layer5Neuron534,0.00017623901658225805
Layer5Neuron1542,0.0001720428408589214
Layer5Neuron60,0.0001676559477346018
Layer5Neuron1530,0.00016756057448219508
Layer5Neuron1735,0.00016756057448219508
Layer5Neuron1599,0.00016326904005836695
Layer5Neuron92,0.0001586914004292339
Layer5Neuron1327,0.0001543045073049143
Layer5Neuron1488,0.00015010833158157766
Layer5Neuron1451,0.00015010833158157766
Layer5Neuron681,0.00015010833158157766
Layer5Neuron517,0.00014562606520485133
Layer5Neuron280,0.0001409530668752268
Layer5Neuron1182,0.00013666153245139867
Layer5Neuron751,0.00013666153245139867
Layer5Neuron635,0.00012788773165084422
Layer5Neuron1591,0.00012788773165084422
Layer5Neuron192,0.00012350082397460938
Layer5Neuron1183,0.00012350082397460938
Layer5Neuron1814,0.00012350082397460938
Layer5Neuron866,0.00012331009202171117
Layer5Neuron1536,0.00011911392357433215
Layer5Neuron580,0.00011901855759788305
Layer5Neuron1651,0.00011901855759788305
Layer5Neuron1112,0.00011901855759788305
Layer5Neuron1963,0.00011892318434547633
Layer5Neuron151,0.00011482238915050402
Layer5Neuron607,0.0001146316499216482
Layer5Neuron266,0.00011024474952137098
Layer5Neuron1914,0.00010604858107399195
Layer5Neuron1069,0.00010576248314464465
Layer5Neuron1063,0.00010156631469726562
Layer5Neuron1696,0.0001011848435155116
Layer5Neuron1018,9.689330909168348e-05
Layer5Neuron1329,9.260177466785535e-05
Layer5Neuron2012,8.831024024402723e-05
Layer5Neuron562,8.811950829112902e-05
Layer5Neuron828,8.811950829112902e-05
Layer5Neuron108,8.811950829112902e-05
Layer5Neuron837,8.38279738673009e-05
Layer5Neuron803,7.944107346702367e-05
Layer5Neuron1761,7.944107346702367e-05
Layer5Neuron258,7.915496826171875e-05
Layer5Neuron1131,7.505416579078883e-05
Layer5Neuron456,7.505416579078883e-05
Layer5Neuron735,7.495879981433973e-05
Layer5Neuron1662,7.05718994140625e-05
Layer5Neuron1955,6.618499901378527e-05
Layer5Neuron1199,5.741119457525201e-05
Layer5Neuron1422,5.7220458984375e-05
Layer5Neuron1809,5.302429053699598e-05
Layer5Neuron1174,5.283355858409777e-05
Layer5Neuron185,4.854202416026965e-05
Layer5Neuron1841,4.425048973644152e-05
Layer5Neuron354,4.4155120122013614e-05
Layer5Neuron235,4.405975414556451e-05
Layer5Neuron178,3.967285010730848e-05
Layer5Neuron1819,3.9577484130859375e-05
Layer5Neuron927,3.509521411615424e-05
Layer5Neuron346,3.0803679692326114e-05
Layer5Neuron1515,2.6416779292048886e-05
Layer5Neuron1144,2.632141149661038e-05
Layer5Neuron1458,2.212524486822076e-05
Layer5Neuron595,2.212524486822076e-05
Layer5Neuron1792,2.212524486822076e-05
Layer5Neuron140,1.7642974853515625e-05
Layer5Neuron1142,1.3446808225126006e-05
Layer5Neuron573,1.33514404296875e-05
Layer5Neuron1330,1.33514404296875e-05
Layer5Neuron1017,1.3256072634248994e-05
Layer5Neuron802,1.3256072634248994e-05
Layer5Neuron142,9.536743306171047e-08
Layer5Neuron1704,-9.536743306171047e-08
Layer5Neuron812,-4.482269105210435e-06
Layer5Neuron1042,-8.869171324477065e-06
Layer5Neuron1176,-1.316070574830519e-05
Layer5Neuron1990,-2.193450927734375e-05
Layer5Neuron1186,-2.2029877072782256e-05
Layer5Neuron955,-2.212524486822076e-05
Layer5Neuron1114,-2.212524486822076e-05
Layer5Neuron1286,-2.651214526849799e-05
Layer5Neuron59,-2.651214526849799e-05
Layer5Neuron590,-2.6702880859375e-05
Layer5Neuron1762,-3.070831371587701e-05
Layer5Neuron498,-3.0994415283203125e-05
Layer5Neuron1291,-3.519058373058215e-05
Layer5Neuron801,-3.547668529790826e-05
Layer5Neuron570,-3.948211815441027e-05
Layer5Neuron897,-3.9577484130859375e-05
Layer5Neuron215,-3.9768219721736386e-05
Layer5Neuron77,-4.4155120122013614e-05
Layer5Neuron1219,-4.425048973644152e-05
Layer5Neuron906,-4.425048973644152e-05
Layer5Neuron125,-4.863739013671875e-05
Layer5Neuron1715,-6.608963303733617e-05
Layer5Neuron529,-6.618499901378527e-05
Layer5Neuron1740,-7.04765334376134e-05
Layer5Neuron1527,-7.04765334376134e-05
Layer5Neuron1108,-7.486343383789062e-05
Layer5Neuron1198,-7.495879981433973e-05
Layer5Neuron1128,-7.505416579078883e-05
Layer5Neuron544,-7.505416579078883e-05
Layer5Neuron781,-7.925033423816785e-05
Layer5Neuron4,-7.934570021461695e-05
Layer5Neuron1556,-7.934570021461695e-05
Layer5Neuron1229,-7.944107346702367e-05
Layer5Neuron1314,-8.363723463844508e-05
Layer5Neuron1468,-8.363723463844508e-05
Layer5Neuron1125,-8.392333984375e-05
Layer5Neuron1969,-8.811950829112902e-05
Layer5Neuron87,-8.811950829112902e-05
Layer5Neuron70,-8.811950829112902e-05
Layer5Neuron2032,-8.840560622047633e-05
Layer5Neuron945,-9.250640869140625e-05
Layer5Neuron984,-9.269714064430445e-05
Layer5Neuron1050,-0.00010585784912109375
Layer5Neuron1594,-0.00010595321509754285
Layer5Neuron1939,-0.00011024474952137098
Layer5Neuron1223,-0.00011024474952137098
Layer5Neuron104,-0.00011034011549782008
Layer5Neuron1225,-0.0001146316499216482
Layer5Neuron1745,-0.00011911392357433215
Layer5Neuron538,-0.0001277923583984375
Layer5Neuron898,-0.0001279830903513357
Layer5Neuron1115,-0.00013217926607467234
Layer5Neuron2005,-0.00013666153245139867
Layer5Neuron1633,-0.00013675689115189016
Layer5Neuron214,-0.00014104842557571828
Layer5Neuron1088,-0.00014104842557571828
Layer5Neuron619,-0.000141143798828125
Layer5Neuron387,-0.0001453399599995464
Layer5Neuron425,-0.00014991759962867945
Layer5Neuron870,-0.0001543045073049143
Layer5Neuron137,-0.00015439986600540578
Layer5Neuron1307,-0.0001544952392578125
Layer5Neuron949,-0.00016298293485306203
Layer5Neuron1463,-0.00016307830810546875
Layer5Neuron3,-0.00016317368135787547
Layer5Neuron1802,-0.00017194748215842992
Layer5Neuron368,-0.0001720428408589214
Layer5Neuron1477,-0.00017633437528274953
Layer5Neuron1840,-0.00017642974853515625
Layer5Neuron1830,-0.00017652512178756297
Layer5Neuron1155,-0.0001808166562113911
Layer5Neuron65,-0.0001808166562113911
Layer5Neuron655,-0.00018959045701194555
Layer5Neuron1081,-0.00018978118896484375
Layer5Neuron412,-0.00018978118896484375
Layer5Neuron118,-0.00019407272338867188
Layer5Neuron507,-0.0001983642578125
Layer5Neuron810,-0.0001983642578125
Layer5Neuron448,-0.00021600723266601562
Layer5Neuron531,-0.00021600723266601562
Layer5Neuron1956,-0.00021600723266601562
Layer5Neuron1048,-0.0002248764067189768
Layer5Neuron1810,-0.0002248764067189768
Layer5Neuron550,-0.00022497176541946828
Layer5Neuron1391,-0.000225067138671875
Layer5Neuron133,-0.0002380371151957661
Layer5Neuron787,-0.00023813247389625758
Layer5Neuron1258,-0.00024251938157249242
Layer5Neuron460,-0.00024251938157249242
Layer5Neuron1283,-0.00024251938157249242
Layer5Neuron585,-0.0002468109014444053
Layer5Neuron1432,-0.00024690627469681203
Layer5Neuron370,-0.00024709702120162547
Layer5Neuron253,-0.0002556800900492817
Layer5Neuron778,-0.0002601623418740928
Layer5Neuron616,-0.0002601623418740928
Layer5Neuron556,-0.00026035308837890625
Layer5Neuron1361,-0.00026445387629792094
Layer5Neuron1191,-0.00026454924955032766
Layer5Neuron1367,-0.0002690315304789692
Layer5Neuron1616,-0.00027332306490279734
Layer5Neuron1305,-0.0002864837588276714
Layer5Neuron312,-0.00028667450533248484
Layer5Neuron380,-0.00029544829158112407
Layer5Neuron1828,-0.0002999305725097656
Layer5Neuron630,-0.0003086090146098286
Layer5Neuron1991,-0.00030879973201081157
Layer5Neuron615,-0.0003088951052632183
Layer5Neuron1272,-0.00031280517578125
Layer5Neuron1710,-0.0003131866396870464
Layer5Neuron1055,-0.0003219604550395161
Layer5Neuron336,-0.0003261566162109375
Layer5Neuron694,-0.00033082961454056203
Layer5Neuron2017,-0.0003352165222167969
Layer5Neuron725,-0.00033969880314543843
Layer5Neuron422,-0.0003527641238179058
Layer5Neuron1928,-0.00035305024357512593
Layer5Neuron217,-0.0003571510314941406
Layer5Neuron730,-0.00036144256591796875
Layer5Neuron56,-0.00036602019099518657
Layer5Neuron441,-0.0003791809140238911
Layer5Neuron458,-0.0003879547002725303
Layer5Neuron786,-0.00038805007352493703
Layer5Neuron277,-0.00038814544677734375
Layer5Neuron234,-0.00039234160794876516
Layer5Neuron528,-0.0003924369812011719
Layer5Neuron1971,-0.0003968238888774067
Layer5Neuron1751,-0.0004013061407022178
Layer5Neuron41,-0.0004057884216308594
Layer5Neuron1861,-0.0004057884216308594
Layer5Neuron50,-0.0004188537714071572
Layer5Neuron1935,-0.00042324064997956157
Layer5Neuron2036,-0.00042324064997956157
Layer5Neuron1941,-0.00042791367741301656
Layer5Neuron846,-0.00043659209040924907
Layer5Neuron25,-0.0004408836248330772
Layer5Neuron1967,-0.0004408836248330772
Layer5Neuron200,-0.0004496574401855469
Layer5Neuron153,-0.0004498481866903603
Layer5Neuron2041,-0.00045413972111418843
Layer5Neuron471,-0.00045413972111418843
Layer5Neuron626,-0.0004542350652627647
Layer5Neuron1121,-0.00045862197293899953
Layer5Neuron1588,-0.00046291350736282766
Layer5Neuron21,-0.0004630088806152344
Layer5Neuron1462,-0.0004673004150390625
Layer5Neuron1820,-0.00047178269596770406
Layer5Neuron238,-0.00047616957454010844
Layer5Neuron453,-0.0004764556942973286
Layer5Neuron429,-0.00048065185546875
Layer5Neuron713,-0.00048065185546875
Layer5Neuron1101,-0.00048513413639739156
Layer5Neuron731,-0.0004893302684649825
Layer5Neuron947,-0.0004896164173260331
Layer5Neuron19,-0.0004896164173260331
Layer5Neuron406,-0.0004939079517498612
Layer5Neuron925,-0.0004939079517498612
Layer5Neuron1464,-0.0004982948303222656
Layer5Neuron807,-0.0005025863647460938
Layer5Neuron1498,-0.00050268170889467
Layer5Neuron1413,-0.0005069732433184981
Layer5Neuron797,-0.0005115509266033769
Layer5Neuron1060,-0.0005115509266033769
Layer5Neuron1592,-0.0005203246837481856
Layer5Neuron208,-0.0005246162181720138
Layer5Neuron338,-0.0005292892456054688
Layer5Neuron902,-0.0005333900335244834
Layer5Neuron1271,-0.0005379676586017013
Layer5Neuron27,-0.0005381584051065147
Layer5Neuron411,-0.0005423545953817666
Layer5Neuron24,-0.0005423545953817666
Layer5Neuron306,-0.0005468368763104081
Layer5Neuron702,-0.0005556106334552169
Layer5Neuron1815,-0.0005687713855877519
Layer5Neuron13,-0.0005775451427325606
Layer5Neuron1831,-0.0005777358892373741
Layer5Neuron552,-0.0005777358892373741
Layer5Neuron1678,-0.0005822181701660156
Layer5Neuron1709,-0.0005864143604412675
Layer5Neuron1966,-0.0005908965831622481
Layer5Neuron609,-0.0005954742664471269
Layer5Neuron1845,-0.0005954742664471269
Layer5Neuron1964,-0.0006084442138671875
Layer5Neuron1221,-0.0006084442138671875
Layer5Neuron1755,-0.0006085395580157638
Layer5Neuron679,-0.0006086349603720009
Layer5Neuron1423,-0.0006174087757244706
Layer5Neuron699,-0.0006260871887207031
Layer5Neuron1032,-0.0006350517505779862
Layer5Neuron29,-0.0006393432850018144
Layer5Neuron1261,-0.0006395339732989669
Layer5Neuron321,-0.000643825507722795
Layer5Neuron852,-0.00065698625985533
Layer5Neuron165,-0.00067901611328125
Layer5Neuron395,-0.0006835937383584678
Layer5Neuron349,-0.0006967544322833419
Layer5Neuron1650,-0.0007011413690634072
Layer5Neuron1109,-0.0007099151844158769
Layer5Neuron689,-0.0007187843439169228
Layer5Neuron912,-0.0007318496936932206
Layer5Neuron1687,-0.0007320403819903731
Layer5Neuron859,-0.0007363319164142013
Layer5Neuron1257,-0.0007363319164142013
Layer5Neuron1141,-0.0007408141973428428
Layer5Neuron648,-0.0007539748912677169
Layer5Neuron1394,-0.0007540702936239541
Layer5Neuron1427,-0.0007583618280477822
Layer5Neuron1854,-0.0007672309875488281
Layer5Neuron1075,-0.0007673263316974044
Layer5Neuron1210,-0.0007760048029012978
Layer5Neuron1265,-0.0007761001470498741
Layer5Neuron328,-0.0007761955494061112
Layer5Neuron645,-0.00078496930655092
Layer5Neuron692,-0.0007893562433309853
Layer5Neuron1158,-0.0007982254028320312
Layer5Neuron1387,-0.0008069992181845009
Layer5Neuron1608,-0.0008289337274618447
Layer5Neuron944,-0.0008289337274618447
Layer5Neuron147,-0.0008289337274618447
Layer5Neuron1986,-0.0008465767023153603
Layer5Neuron301,-0.0008598327403888106
Layer5Neuron67,-0.0008600234868936241
Layer5Neuron1981,-0.0008687973022460938
Layer5Neuron601,-0.00086889264639467
Layer5Neuron1849,-0.0008730888366699219
Layer5Neuron509,-0.0008950233459472656
Layer5Neuron913,-0.0008951186900958419
Layer5Neuron1763,-0.0009085655328817666
Layer5Neuron962,-0.0009170531993731856
Layer5Neuron1772,-0.0009217262268066406
Layer5Neuron90,-0.0009348869207315147
Layer5Neuron1924,-0.00093927385751158
Layer5Neuron1653,-0.0009435653919354081
Layer5Neuron977,-0.0009436607360839844
Layer5Neuron688,-0.0009613037109375
Layer5Neuron2,-0.0009701728704385459
Layer5Neuron690,-0.0009746551513671875
Layer5Neuron883,-0.0009790420299395919
Layer5Neuron994,-0.0009834289085119963
Layer5Neuron1189,-0.0009878159034997225
Layer5Neuron1338,-0.0009965896606445312
Layer5Neuron824,-0.0010008811950683594
Layer5Neuron236,-0.0010098457569256425
Layer5Neuron996,-0.0010498047340661287
Layer5Neuron316,-0.0010581969982013106
Layer5Neuron813,-0.0010671615600585938
Layer5Neuron7,-0.0010890960693359375
Layer5Neuron333,-0.0011112212669104338
Layer5Neuron462,-0.0011421203380450606
Layer5Neuron506,-0.001142311142757535
Layer5Neuron385,-0.0011507987510412931
Layer5Neuron1908,-0.0011508942116051912
Layer5Neuron1405,-0.0011597633128985763
Layer5Neuron602,-0.0011640548473224044
Layer5Neuron838,-0.0011774062877520919
Layer5Neuron464,-0.0011903762351721525
Layer5Neuron1255,-0.0011906623840332031
Layer5Neuron289,-0.00119953160174191
Layer5Neuron249,-0.0012081146705895662
Layer5Neuron452,-0.0012124062050133944
Layer5Neuron680,-0.0012170791160315275
Layer5Neuron295,-0.0012170791160315275
Layer5Neuron61,-0.0012214661110192537
Layer5Neuron1759,-0.0012259483337402344
Layer5Neuron8,-0.0012301445240154862
Layer5Neuron1300,-0.0012303352123126388
Layer5Neuron241,-0.0012303352123126388
Layer5Neuron1133,-0.0012348175514489412
Layer5Neuron1407,-0.0012391090858727694
Layer5Neuron1888,-0.0012434959644451737
Layer5Neuron784,-0.0012522697215899825
Layer5Neuron1308,-0.0012525558704510331
Layer5Neuron2026,-0.001278781914152205
Layer5Neuron1152,-0.0012830734485760331
Layer5Neuron523,-0.001283359481021762
Layer5Neuron145,-0.0012920380104333162
Layer5Neuron1722,-0.0012922286987304688
Layer5Neuron222,-0.0013140678638592362
Layer5Neuron1484,-0.0013273239601403475
Layer5Neuron1412,-0.0013536453479900956
Layer5Neuron1753,-0.0013537406921386719
Layer5Neuron1424,-0.0013936043251305819
Layer5Neuron1024,-0.00139789585955441
Layer5Neuron1100,-0.00139789585955441
Layer5Neuron1932,-0.0013979912037029862
Layer5Neuron1381,-0.0014022827381268144
Layer5Neuron483,-0.0014110564952716231
Layer5Neuron443,-0.0014200210571289062
Layer5Neuron1010,-0.0014465332496911287
Layer5Neuron2022,-0.0014508247841149569
Layer5Neuron86,-0.0014595985412597656
Layer5Neuron390,-0.0014685631031170487
Layer5Neuron1976,-0.0014685631031170487
Layer5Neuron1805,-0.0014859199291095138
Layer5Neuron983,-0.001490688300691545
Layer5Neuron693,-0.0015037537086755037
Layer5Neuron774,-0.0015167236560955644
Layer5Neuron646,-0.0015169143443927169
Layer5Neuron188,-0.0015301704406738281
Layer5Neuron1159,-0.0015302657848224044
Layer5Neuron744,-0.00153436663094908
Layer5Neuron1380,-0.0015522956382483244
Layer5Neuron628,-0.0015565871726721525
Layer5Neuron1694,-0.0015654563903808594
Layer5Neuron373,-0.0015741348033770919
Layer5Neuron1509,-0.0015741348033770919
Layer5Neuron1357,-0.0015741348033770919
Layer5Neuron23,-0.0015743256080895662
Layer5Neuron1895,-0.001583099365234375
Layer5Neuron1612,-0.0015873908996582031
Layer5Neuron894,-0.0015874862438067794
Layer5Neuron1256,-0.0015918731223791838
Layer5Neuron212,-0.0016050338745117188
Layer5Neuron575,-0.0016096115577965975
Layer5Neuron1280,-0.0016139030922204256
Layer5Neuron1012,-0.0016361236339434981
Layer5Neuron1297,-0.0016405105125159025
Layer5Neuron1226,-0.0016490935813635588
Layer5Neuron722,-0.0016627311706542969
Layer5Neuron1233,-0.0016757011180743575
Layer5Neuron1200,-0.0016799926524981856
Layer5Neuron428,-0.0016977309715002775
Layer5Neuron905,-0.0017066001892089844
Layer5Neuron166,-0.0017152786022052169
Layer5Neuron760,-0.0017152786022052169
Layer5Neuron465,-0.0017285346984863281
Layer5Neuron1416,-0.0017285346984863281
Layer5Neuron1553,-0.0017328262329101562
Layer5Neuron1730,-0.001741695450618863
Layer5Neuron114,-0.0017461776733398438
Layer5Neuron789,-0.0017550468910485506
Layer5Neuron910,-0.0017903328407555819
Layer5Neuron1323,-0.0017992019420489669
Layer5Neuron489,-0.0018035888206213713
Layer5Neuron1808,-0.0018169402610510588
Layer5Neuron1858,-0.001825523329898715
Layer5Neuron1925,-0.0018257141346111894
Layer5Neuron530,-0.0018301010131835938
Layer5Neuron1987,-0.0018432617653161287
Layer5Neuron237,-0.0018565177451819181
Layer5Neuron826,-0.0018565177451819181
Layer5Neuron937,-0.0018608092796057463
Layer5Neuron245,-0.001865386962890625
Layer5Neuron272,-0.0018783569103106856
Layer5Neuron1252,-0.0018962860340252519
Layer5Neuron653,-0.0019049644470214844
Layer5Neuron1392,-0.0019093513255938888
Layer5Neuron729,-0.0019093513255938888
Layer5Neuron290,-0.001909446669742465
Layer5Neuron1053,-0.0019137382041662931
Layer5Neuron1983,-0.0019269943004474044
Layer5Neuron668,-0.0019312858348712325
Layer5Neuron1029,-0.0019402503967285156
Layer5Neuron359,-0.0019491196144372225
Layer5Neuron1067,-0.0019534111488610506
Layer5Neuron677,-0.00196247105486691
Layer5Neuron1701,-0.0019710541237145662
Layer5Neuron1842,-0.0019975663162767887
Layer5Neuron1697,-0.00200653076171875
Layer5Neuron226,-0.0020283698104321957
Layer5Neuron1931,-0.0020284652709960938
Layer5Neuron2006,-0.0020284652709960938
Layer5Neuron267,-0.002028560731559992
Layer5Neuron1319,-0.0020591735374182463
Layer5Neuron374,-0.0020902634132653475
Layer5Neuron918,-0.0021034241653978825
Layer5Neuron1090,-0.002125644590705633
Layer5Neuron1528,-0.0021430968772619963
Layer5Neuron815,-0.0021474838722497225
Layer5Neuron1872,-0.0021653175354003906
Layer5Neuron796,-0.002173996064811945
Layer5Neuron1097,-0.0021784782875329256
Layer5Neuron961,-0.002182579133659601
Layer5Neuron1370,-0.0021827698219567537
Layer5Neuron1071,-0.0021916390396654606
Layer5Neuron263,-0.0022004127968102694
Layer5Neuron1578,-0.0022004127968102694
Layer5Neuron804,-0.002213764237239957
Layer5Neuron1899,-0.002222347306087613
Layer5Neuron764,-0.0022224425338208675
Layer5Neuron625,-0.0022224425338208675
Layer5Neuron777,-0.0022356987465173006
Layer5Neuron1266,-0.002240085508674383
Layer5Neuron52,-0.0022401809692382812
Layer5Neuron1499,-0.002270984696224332
Layer5Neuron1065,-0.0022796629928052425
Layer5Neuron809,-0.0022886276710778475
Layer5Neuron511,-0.00229301443323493
Layer5Neuron160,-0.002301883650943637
Layer5Neuron1179,-0.002301883650943637
Layer5Neuron414,-0.0023195266257971525
Layer5Neuron389,-0.002324008848518133
Layer5Neuron885,-0.002324008848518133
Layer5Neuron445,-0.002324008848518133
Layer5Neuron2043,-0.0023327828384935856
Layer5Neuron1938,-0.0023372650612145662
Layer5Neuron154,-0.002345943357795477
Layer5Neuron206,-0.0023593902587890625
Layer5Neuron554,-0.0023635863326489925
Layer5Neuron1209,-0.0023637772537767887
Layer5Neuron1202,-0.0023767470847815275
Layer5Neuron126,-0.0023811340797692537
Layer5Neuron851,-0.002385806990787387
Layer5Neuron1775,-0.0023946762084960938
Layer5Neuron402,-0.002403163816779852
Layer5Neuron1244,-0.0024296760093420744
Layer5Neuron1253,-0.0024339675437659025
Layer5Neuron1092,-0.0024385452270507812
Layer5Neuron721,-0.0024429322220385075
Layer5Neuron229,-0.0024559975136071444
Layer5Neuron745,-0.002456092741340399
Layer5Neuron2013,-0.002456188201904297
Layer5Neuron1103,-0.0024869919288903475
Layer5Neuron938,-0.002491474151611328
Layer5Neuron1318,-0.002491569612175226
Layer5Neuron1919,-0.002535533858463168
Layer5Neuron1496,-0.002548790071159601
Layer5Neuron1373,-0.0025529861450195312
Layer5Neuron325,-0.0025577545166015625
Layer5Neuron1547,-0.0025620460510253906
Layer5Neuron710,-0.002566433046013117
Layer5Neuron135,-0.0025794983375817537
Layer5Neuron934,-0.0025796890258789062
Layer5Neuron533,-0.002588462783023715
Layer5Neuron438,-0.00264568324200809
Layer5Neuron719,-0.0026458739303052425
Layer5Neuron1518,-0.0026722908951342106
Layer5Neuron95,-0.0026809691917151213
Layer5Neuron173,-0.002681255340576172
Layer5Neuron282,-0.0027030943892896175
Layer5Neuron1640,-0.002711772918701172
Layer5Neuron869,-0.0027250288985669613
Layer5Neuron1977,-0.002742862794548273
Layer5Neuron1552,-0.0027603148482739925
Layer5Neuron1140,-0.0027824402786791325
Layer5Neuron1066,-0.002782630966976285
Layer5Neuron1056,-0.002786922501400113
Layer5Neuron1839,-0.00283985142596066
Layer5Neuron1013,-0.002844142960384488
Layer5Neuron1037,-0.0028443336486816406
Layer5Neuron1203,-0.0028484344948083162
Layer5Neuron1868,-0.0028531074058264494
Layer5Neuron982,-0.00285758962854743
Layer5Neuron546,-0.002857780549675226
Layer5Neuron624,-0.0028928755782544613
Layer5Neuron1154,-0.0029147148597985506
Layer5Neuron1649,-0.0029234886169433594
Layer5Neuron1621,-0.0029325485229492188
Layer5Neuron1043,-0.0029723166953772306
Layer5Neuron1850,-0.0029764175415039062
Layer5Neuron375,-0.0030029297340661287
Layer5Neuron1855,-0.0030160904861986637
Layer5Neuron1595,-0.003042888594791293
Layer5Neuron643,-0.0030469894409179688
Layer5Neuron339,-0.00305595388635993
Layer5Neuron1470,-0.0030603408813476562
Layer5Neuron1382,-0.0030647278763353825
Layer5Neuron35,-0.0030647278763353825
Layer5Neuron341,-0.003064823104068637
Layer5Neuron833,-0.0031087875831872225
Layer5Neuron177,-0.003108978271484375
Layer5Neuron2009,-0.003113365266472101
Layer5Neuron49,-0.0031175613403320312
Layer5Neuron526,-0.0031309127807617188
Layer5Neuron149,-0.003135204315185547
Layer5Neuron986,-0.0031616210471838713
Layer5Neuron1859,-0.0031927109230309725
Layer5Neuron119,-0.003197097685188055
Layer5Neuron782,-0.003254413604736328
Layer5Neuron490,-0.0032587051391601562
Layer5Neuron1993,-0.0032588005997240543
Layer5Neuron461,-0.0032718658912926912
Layer5Neuron685,-0.0032719611190259457
Layer5Neuron1475,-0.0033025741577148438
Layer5Neuron909,-0.0033028603065758944
Layer5Neuron981,-0.00332050328142941
Layer5Neuron574,-0.0033205985091626644
Layer5Neuron1349,-0.0033249855041503906
Layer5Neuron2021,-0.0033249855041503906
Layer5Neuron194,-0.0033292770385742188
Layer5Neuron1453,-0.003355693770572543
Layer5Neuron892,-0.003360175993293524
Layer5Neuron44,-0.003399753477424383
Layer5Neuron1980,-0.003408718155696988
Layer5Neuron1918,-0.0034131049178540707
Layer5Neuron1402,-0.0034394264221191406
Layer5Neuron417,-0.003452777862548828
Layer5Neuron1944,-0.0034570693969726562
Layer5Neuron1825,-0.003527736756950617
Layer5Neuron1695,-0.0035364150535315275
Layer5Neuron1847,-0.003558635711669922
Layer5Neuron960,-0.0035588263999670744
Layer5Neuron1246,-0.003571796463802457
Layer5Neuron839,-0.0036292076110839844
Layer5Neuron1907,-0.003633689833804965
Layer5Neuron432,-0.003660011338070035
Layer5Neuron1816,-0.0036601065658032894
Layer5Neuron1639,-0.0036645890213549137
Layer5Neuron1791,-0.003708458039909601
Layer5Neuron1799,-0.003712940262630582
Layer5Neuron584,-0.003743839217349887
Layer5Neuron1358,-0.003743934677913785
Layer5Neuron294,-0.0037525177467614412
Layer5Neuron96,-0.003792285919189453
Layer5Neuron1196,-0.0038187026511877775
Layer5Neuron863,-0.0038541792891919613
Layer5Neuron935,-0.003858375595882535
Layer5Neuron451,-0.003880405332893133
Layer5Neuron1408,-0.003889370011165738
Layer5Neuron1911,-0.0038936615455895662
Layer5Neuron74,-0.003911304287612438
Layer5Neuron1208,-0.003924560733139515
Layer5Neuron1096,-0.003933525178581476
Layer5Neuron1652,-0.003955650143325329
Layer5Neuron1315,-0.003964138217270374
Layer5Neuron1485,-0.004012680146843195
Layer5Neuron219,-0.0040260315872728825
Layer5Neuron926,-0.004052353091537952
Layer5Neuron257,-0.004052353091537952
Layer5Neuron30,-0.004070281982421875
Layer5Neuron670,-0.004074478056281805
Layer5Neuron469,-0.004083442501723766
Layer5Neuron717,-0.0040877340361475945
Layer5Neuron900,-0.004123019985854626
Layer5Neuron1441,-0.004140662960708141
Layer5Neuron1637,-0.004171562381088734
Layer5Neuron1117,-0.004180335905402899
Layer5Neuron2029,-0.004206848330795765
Layer5Neuron1282,-0.004250907804816961
Layer5Neuron1954,-0.004250907804816961
Layer5Neuron1947,-0.004251003265380859
Layer5Neuron1089,-0.004264163784682751
Layer5Neuron976,-0.004268741700798273
Layer5Neuron496,-0.004303932189941406
Layer5Neuron500,-0.004334735684096813
Layer5Neuron85,-0.00434799212962389
Layer5Neuron1466,-0.004361248109489679
Layer5Neuron1068,-0.004369831178337336
Layer5Neuron53,-0.004387855529785156
Layer5Neuron1834,-0.004440403077751398
Layer5Neuron1564,-0.004484748933464289
Layer5Neuron1235,-0.004488945007324219
Layer5Neuron22,-0.004493427462875843
Layer5Neuron2018,-0.00449790945276618
Layer5Neuron656,-0.004511070437729359
Layer5Neuron993,-0.004528808407485485
Layer5Neuron1635,-0.004528808407485485
Layer5Neuron674,-0.0045375823974609375
Layer5Neuron1664,-0.004546451382339001
Layer5Neuron43,-0.0045683858916163445
Layer5Neuron1335,-0.004577159881591797
Layer5Neuron1948,-0.004603671841323376
Layer5Neuron1273,-0.0046215057373046875
Layer5Neuron736,-0.0046257018111646175
Layer5Neuron727,-0.004630088806152344
Layer5Neuron714,-0.004630088806152344
Layer5Neuron904,-0.004638957791030407
Layer5Neuron1601,-0.004643440246582031
Layer5Neuron1401,-0.004652214236557484
Layer5Neuron1138,-0.004683017730712891
Layer5Neuron864,-0.004683113191276789
Layer5Neuron847,-0.004687309265136719
Layer5Neuron1625,-0.0047051431611180305
Layer5Neuron882,-0.004727363586425781
Layer5Neuron484,-0.004753780551254749
Layer5Neuron878,-0.0047668456099927425
Layer5Neuron1787,-0.004775619599968195
Layer5Neuron551,-0.004815483000129461
Layer5Neuron1363,-0.004828548524528742
Layer5Neuron220,-0.004877281375229359
Layer5Neuron850,-0.004921150393784046
Layer5Neuron1512,-0.004929923918098211
Layer5Neuron1481,-0.0049345968291163445
Layer5Neuron612,-0.004947662353515625
Layer5Neuron1769,-0.004952049348503351
Layer5Neuron1606,-0.00500068673864007
Layer5Neuron210,-0.005004978273063898
Layer5Neuron915,-0.005013656802475452
Layer5Neuron1004,-0.005013656802475452
Layer5Neuron739,-0.005040264222770929
Layer5Neuron1725,-0.005057716276496649
Layer5Neuron1418,-0.005088710691779852
Layer5Neuron1303,-0.005097484681755304
Layer5Neuron652,-0.005115223117172718
Layer5Neuron811,-0.00517692556604743
Layer5Neuron1129,-0.00517692556604743
Layer5Neuron308,-0.005177116487175226
Layer5Neuron274,-0.005181217100471258
Layer5Neuron130,-0.005207634065300226
Layer5Neuron1962,-0.005238628480583429
Layer5Neuron1106,-0.005286979489028454
Layer5Neuron1979,-0.005291461944580078
Layer5Neuron754,-0.0053005218505859375
Layer5Neuron1758,-0.005317973904311657
Layer5Neuron1015,-0.00537109375
Layer5Neuron799,-0.005450534634292126
Layer5Neuron1999,-0.005472278688102961
Layer5Neuron1790,-0.005534076597541571
Layer5Neuron1447,-0.005569362547248602
Layer5Neuron1162,-0.005573845002800226
Layer5Neuron1173,-0.005631160922348499
Layer5Neuron1160,-0.0056442259810864925
Layer5Neuron1442,-0.0056708334013819695
Layer5Neuron1873,-0.005684184841811657
Layer5Neuron1905,-0.005697441287338734
Layer5Neuron1877,-0.005754566285759211
Layer5Neuron1080,-0.005785560701042414
Layer5Neuron401,-0.005811882205307484
Layer5Neuron1489,-0.005856037139892578
Layer5Neuron548,-0.005930996034294367
Layer5Neuron561,-0.00593986501917243
Layer5Neuron2015,-0.005966281984001398
Layer5Neuron1302,-0.005997276399284601
Layer5Neuron1245,-0.00602378835901618
Layer5Neuron821,-0.00605010986328125
Layer5Neuron1767,-0.006050205323845148
Layer5Neuron569,-0.006076621823012829
Layer5Neuron372,-0.006085300352424383
Layer5Neuron1698,-0.006107330322265625
Layer5Neuron1296,-0.00611190777271986
Layer5Neuron296,-0.006200122646987438
Layer5Neuron284,-0.006204414181411266
Layer5Neuron1555,-0.006274986080825329
Layer5Neuron991,-0.006292438600212336
Layer5Neuron617,-0.00633659353479743
Layer5Neuron1647,-0.006358623504638672
Layer5Neuron1490,-0.006358814425766468
Layer5Neuron1961,-0.006398296449333429
Layer5Neuron1479,-0.006433677859604359
Layer5Neuron1508,-0.006460285279899836
Layer5Neuron1354,-0.0064910887740552425
Layer5Neuron1832,-0.0065174102783203125
Layer5Neuron887,-0.0065438272431492805
Layer5Neuron1648,-0.0065704346634447575
Layer5Neuron1268,-0.006605625152587891
Layer5Neuron57,-0.006623172666877508
Layer5Neuron1473,-0.0066848755814135075
Layer5Neuron750,-0.006724834442138672
Layer5Neuron1952,-0.006737994961440563
Layer5Neuron1085,-0.006782245822250843
Layer5Neuron1487,-0.0067996978759765625
Layer5Neuron1231,-0.006799888797104359
Layer5Neuron1270,-0.00681304931640625
Layer5Neuron1532,-0.006892395205795765
Layer5Neuron1212,-0.00698928814381361
Layer5Neuron1306,-0.007015800569206476
Layer5Neuron392,-0.007104110904037952
Layer5Neuron1005,-0.007112693972885609
Layer5Neuron1359,-0.007112693972885609
Layer5Neuron567,-0.007130527403205633
Layer5Neuron1073,-0.007152461912482977
Layer5Neuron881,-0.007152557373046875
Layer5Neuron1262,-0.007275962736457586
Layer5Neuron1533,-0.007280254270881414
Layer5Neuron588,-0.007324409671127796
Layer5Neuron342,-0.007342052645981312
Layer5Neuron1545,-0.007368564605712891
Layer5Neuron1590,-0.007425975985825062
Layer5Neuron1680,-0.007430076599121094
Layer5Neuron759,-0.0074479104951024055
Layer5Neuron227,-0.0074522970244288445
Layer5Neuron1618,-0.0074746133759617805
Layer5Neuron1577,-0.00749626150354743
Layer5Neuron1863,-0.007505225948989391
Layer5Neuron225,-0.007553768344223499
Layer5Neuron120,-0.007571220397949219
Layer5Neuron842,-0.007712364196777344
Layer5Neuron1685,-0.007712650112807751
Layer5Neuron91,-0.007725715637207031
Layer5Neuron1240,-0.007734489627182484
Layer5Neuron952,-0.007747745607048273
Layer5Neuron942,-0.00780067453160882
Layer5Neuron164,-0.0078270910307765
Layer5Neuron2046,-0.007884597405791283
Layer5Neuron299,-0.007924174889922142
Layer5Neuron578,-0.007977103814482689
Layer5Neuron1148,-0.007999229244887829
Layer5Neuron849,-0.008025551214814186
Layer5Neuron1011,-0.008096123114228249
Layer5Neuron1455,-0.008259296417236328
Layer5Neuron1026,-0.00828561745584011
Layer5Neuron62,-0.00829458236694336
Layer5Neuron97,-0.008312225341796875
Layer5Neuron310,-0.008360671810805798
Layer5Neuron1371,-0.008435821160674095
Layer5Neuron1161,-0.00849304161965847
Layer5Neuron1285,-0.008572387509047985
Layer5Neuron1837,-0.008594512939453125
Layer5Neuron1557,-0.00862960796803236
Layer5Neuron644,-0.008669376373291016
Layer5Neuron94,-0.008713340386748314
Layer5Neuron1644,-0.008784103207290173
Layer5Neuron51,-0.00885009765625
Layer5Neuron2027,-0.008876800537109375
Layer5Neuron591,-0.008885574527084827
Layer5Neuron1446,-0.008920860476791859
Layer5Neuron820,-0.008991241455078125
Layer5Neuron1465,-0.009000206366181374
Layer5Neuron1661,-0.00901327095925808
Layer5Neuron1425,-0.009013461880385876
Layer5Neuron1123,-0.0090179443359375
Layer5Neuron275,-0.009110355749726295
Layer5Neuron1426,-0.009110355749726295
Layer5Neuron1654,-0.009119224734604359
Layer5Neuron148,-0.009132576175034046
Layer5Neuron1415,-0.009172248654067516
Layer5Neuron1445,-0.009189700707793236
Layer5Neuron156,-0.009194374084472656
Layer5Neuron618,-0.009202862158417702
Layer5Neuron1985,-0.00921640358865261
Layer5Neuron89,-0.009260177612304688
Layer5Neuron1444,-0.009277915582060814
Layer5Neuron734,-0.009282303042709827
Layer5Neuron1474,-0.009282303042709827
Layer5Neuron1720,-0.009308815002441406
Layer5Neuron233,-0.009357357397675514
Layer5Neuron1163,-0.009419059380888939
Layer5Neuron1783,-0.009480953216552734
Layer5Neuron1700,-0.009529304690659046
Layer5Neuron478,-0.009608840569853783
Layer5Neuron1904,-0.009692573919892311
Layer5Neuron1036,-0.00977182388305664
Layer5Neuron1887,-0.009784984402358532
Layer5Neuron1764,-0.009838009253144264
Layer5Neuron435,-0.009877681732177734
Layer5Neuron319,-0.00997457467019558
Layer5Neuron1259,-0.010023307986557484
Layer5Neuron592,-0.010027599520981312
Layer5Neuron207,-0.010058593936264515
Layer5Neuron629,-0.010085010901093483
Layer5Neuron1438,-0.010146617889404297
Layer5Neuron309,-0.010146712884306908
Layer5Neuron1234,-0.010208511725068092
Layer5Neuron834,-0.010212707333266735
Layer5Neuron790,-0.010216998867690563
Layer5Neuron1353,-0.01023025531321764
Layer5Neuron907,-0.010239124298095703
Layer5Neuron686,-0.01025686226785183
Layer5Neuron816,-0.010261249728500843
Layer5Neuron1707,-0.01027460116893053
Layer5Neuron1575,-0.010301018133759499
Layer5Neuron1177,-0.010450934991240501
Layer5Neuron1110,-0.010499286465346813
Layer5Neuron421,-0.010684681124985218
Layer5Neuron179,-0.010689067654311657
Layer5Neuron558,-0.010715484619140625
Layer5Neuron239,-0.010764122009277344
Layer5Neuron700,-0.010807991027832031
Layer5Neuron1777,-0.010838985443115234
Layer5Neuron1916,-0.010874271392822266
Layer5Neuron798,-0.010940265841782093
Layer5Neuron404,-0.011002063751220703
Layer5Neuron1175,-0.011081695556640625
Layer5Neuron545,-0.011085987091064453
Layer5Neuron600,-0.011090373620390892
Layer5Neuron1523,-0.01109924353659153
Layer5Neuron18,-0.011116886511445045
Layer5Neuron1061,-0.011121273040771484
Layer5Neuron1960,-0.011138725094497204
Layer5Neuron1930,-0.011160945519804955
Layer5Neuron1910,-0.011443043127655983
Layer5Neuron896,-0.011443138122558594
Layer5Neuron549,-0.01152257900685072
Layer5Neuron1084,-0.01153573952615261
Layer5Neuron1054,-0.011562061496078968
Layer5Neuron639,-0.01161947287619114
Layer5Neuron182,-0.011624050326645374
Layer5Neuron1251,-0.01165914535522461
Layer5Neuron1737,-0.011707687750458717
Layer5Neuron522,-0.011707877740263939
Layer5Neuron861,-0.011787128634750843
Layer5Neuron327,-0.011950206942856312
Layer5Neuron1074,-0.011985396966338158
Layer5Neuron593,-0.012077903375029564
Layer5Neuron651,-0.012122249230742455
Layer5Neuron599,-0.012170791625976562
Layer5Neuron1734,-0.01249704323709011
Layer5Neuron1587,-0.01266012154519558
Layer5Neuron242,-0.012660312466323376
Layer5Neuron911,-0.012686729431152344
Layer5Neuron1582,-0.012854194268584251
Layer5Neuron466,-0.01289835013449192
Layer5Neuron814,-0.013048266991972923
Layer5Neuron1630,-0.013114357367157936
Layer5Neuron1812,-0.013140869326889515
Layer5Neuron1778,-0.0131981847807765
Layer5Neuron379,-0.013401031494140625
Layer5Neuron158,-0.01360387820750475
Layer5Neuron1881,-0.013612556271255016
Layer5Neuron901,-0.013617133721709251
Layer5Neuron1670,-0.0136260986328125
Layer5Neuron1277,-0.013652324676513672
Layer5Neuron766,-0.013731765560805798
Layer5Neuron1576,-0.013921260833740234
Layer5Neuron941,-0.013934421353042126
Layer5Neuron611,-0.014110947027802467
Layer5Neuron1746,-0.014146137051284313
Layer5Neuron353,-0.014190387912094593
Layer5Neuron10,-0.014274120330810547
Layer5Neuron1609,-0.014331340789794922
Layer5Neuron1516,-0.014331340789794922
Layer5Neuron1970,-0.01444168109446764
Layer5Neuron1683,-0.014446067623794079
Layer5Neuron1192,-0.014507961459457874
Layer5Neuron302,-0.014591598883271217
Layer5Neuron1782,-0.014631271362304688
Layer5Neuron1706,-0.014851761050522327
Layer5Neuron124,-0.014851951971650124
Layer5Neuron278,-0.014869404025375843
Layer5Neuron1320,-0.014926815405488014
Layer5Neuron152,-0.014966392889618874
Layer5Neuron743,-0.01498403586447239
Layer5Neuron1237,-0.015235519036650658
Layer5Neuron1593,-0.015332603827118874
Layer5Neuron1567,-0.015367698855698109
Layer5Neuron47,-0.01544265728443861
Layer5Neuron112,-0.01546478271484375
Layer5Neuron1940,-0.015500068664550781
Layer5Neuron367,-0.015552806667983532
Layer5Neuron582,-0.015636730939149857
Layer5Neuron1929,-0.015636825934052467
Layer5Neuron1493,-0.015729332342743874
Layer5Neuron765,-0.0157470703125
Layer5Neuron1264,-0.01598959043622017
Layer5Neuron264,-0.01610870286822319
Layer5Neuron1288,-0.016117285937070847
Layer5Neuron637,-0.01626281812787056
Layer5Neuron279,-0.016359996050596237
Layer5Neuron627,-0.01638631895184517
Layer5Neuron492,-0.016412734985351562
Layer5Neuron11,-0.016514111310243607
Layer5Neuron481,-0.01654062233865261
Layer5Neuron1006,-0.01654949225485325
Layer5Neuron1688,-0.016686249524354935
Layer5Neuron1668,-0.01686706580221653
Layer5Neuron1856,-0.016959572210907936
Layer5Neuron1526,-0.017180252820253372
Layer5Neuron922,-0.01718883588910103
Layer5Neuron1717,-0.017206478863954544
Layer5Neuron1333,-0.01721973344683647
Layer5Neuron825,-0.01722869835793972
Layer5Neuron1614,-0.017250537872314453
Layer5Neuron1098,-0.017316723242402077
Layer5Neuron377,-0.017316818237304688
Layer5Neuron587,-0.017325591295957565
Layer5Neuron138,-0.01743135415017605
Layer5Neuron1443,-0.01747102662920952
Layer5Neuron716,-0.017607878893613815
Layer5Neuron756,-0.01766509935259819
Layer5Neuron610,-0.01774883270263672
Layer5Neuron1295,-0.01774892769753933
Layer5Neuron1660,-0.017824267968535423
Layer5Neuron658,-0.017854785546660423
Layer5Neuron129,-0.017876815050840378
Layer5Neuron1848,-0.01790332794189453
Layer5Neuron631,-0.017920875921845436
Layer5Neuron1716,-0.01827383041381836
Layer5Neuron437,-0.0185515396296978
Layer5Neuron1885,-0.018807221204042435
Layer5Neuron948,-0.018979262560606003
Layer5Neuron300,-0.01919097825884819
Layer5Neuron1279,-0.01923065260052681
Layer5Neuron1568,-0.01931457594037056
Layer5Neuron1033,-0.019353866577148438
Layer5Neuron999,-0.02010812796652317
Layer5Neuron12,-0.02083120308816433
Layer5Neuron304,-0.02086658403277397
Layer5Neuron1893,-0.021100331097841263
Layer5Neuron1743,-0.02115326002240181
Layer5Neuron1227,-0.021166514605283737
Layer5Neuron1996,-0.021298598498106003
Layer5Neuron1087,-0.02130756340920925
Layer5Neuron589,-0.021342849358916283
Layer5Neuron1548,-0.021492768079042435
Layer5Neuron80,-0.0218676570802927
Layer5Neuron650,-0.022057246416807175
Layer5Neuron1798,-0.022365856915712357
Layer5Neuron956,-0.02270984649658203
Layer5Neuron1869,-0.023022841662168503
Layer5Neuron1760,-0.02303171157836914
Layer5Neuron157,-0.023097991943359375
Layer5Neuron355,-0.02335367165505886
Layer5Neuron1714,-0.02339763566851616
Layer5Neuron682,-0.02344198152422905
Layer5Neuron46,-0.023463916033506393
Layer5Neuron273,-0.023816680535674095
Layer5Neuron1811,-0.023931216448545456
Layer5Neuron508,-0.024165058508515358
Layer5Neuron1321,-0.024447346106171608
Layer5Neuron1865,-0.02456207200884819
Layer5Neuron1569,-0.024606037884950638
Layer5Neuron704,-0.025086497887969017
Layer5Neuron1951,-0.025170421227812767
Layer5Neuron1022,-0.02539958991110325
Layer5Neuron738,-0.025408554822206497
Layer5Neuron246,-0.025457192212343216
Layer5Neuron673,-0.02547473832964897
Layer5Neuron1789,-0.025607014074921608
Layer5Neuron1368,-0.025633621960878372
Layer5Neuron1765,-0.026047993451356888
Layer5Neuron1094,-0.02648448944091797
Layer5Neuron893,-0.02675809897482395
Layer5Neuron1607,-0.02703113481402397
Layer5Neuron728,-0.02703571319580078
Layer5Neuron703,-0.027106285095214844
Layer5Neuron1754,-0.027313709259033203
Layer5Neuron1471,-0.027939796447753906
Layer5Neuron987,-0.02823953703045845
Layer5Neuron331,-0.02860565111041069
Layer5Neuron72,-0.02968597412109375
Layer5Neuron1136,-0.03003873862326145
Layer5Neuron1164,-0.030149077996611595
Layer5Neuron1727,-0.030276870355010033
Layer5Neuron521,-0.03049287758767605
Layer5Neuron1943,-0.03057231940329075
Layer5Neuron1167,-0.030634021386504173
Layer5Neuron583,-0.03077077865600586
Layer5Neuron1690,-0.030797194689512253
Layer5Neuron1375,-0.030986785888671875
Layer5Neuron636,-0.031110286712646484
Layer5Neuron1372,-0.031308840960264206
Layer5Neuron209,-0.03145408630371094
Layer5Neuron1923,-0.031904030591249466
Layer5Neuron99,-0.03196144104003906
Layer5Neuron889,-0.03200998157262802
Layer5Neuron1040,-0.03201427310705185
Layer5Neuron1213,-0.032106876373291016
Layer5Neuron746,-0.03224353864789009
Layer5Neuron785,-0.03225240856409073
Layer5Neuron724,-0.03237133100628853
Layer5Neuron329,-0.03241128847002983
Layer5Neuron1316,-0.03256111219525337
Layer5Neuron1216,-0.03392352908849716
Layer5Neuron1051,-0.033989809453487396
Layer5Neuron268,-0.03410005569458008
Layer5Neuron1534,-0.034267522394657135
Layer5Neuron1521,-0.03443966060876846
Layer5Neuron423,-0.034867286682128906
Layer5Neuron951,-0.03505248948931694
Layer5Neuron407,-0.035445116460323334
Layer5Neuron317,-0.03648557513952255
Layer5Neuron399,-0.036675166338682175
Layer5Neuron439,-0.03725719451904297
Layer5Neuron1596,-0.03767194598913193
Layer5Neuron1045,-0.03772468492388725
Layer5Neuron493,-0.03842144086956978
Layer5Neuron740,-0.038439370691776276
Layer5Neuron532,-0.0398106575012207
Layer5Neuron463,-0.0405426025390625
Layer5Neuron405,-0.04076747968792915
Layer5Neuron261,-0.04077625274658203
Layer5Neuron594,-0.041318606585264206
Layer5Neuron1007,-0.04214763641357422
Layer5Neuron748,-0.04225807264447212
Layer5Neuron270,-0.04250488430261612
Layer5Neuron1188,-0.04254436492919922
Layer5Neuron1866,-0.04265928268432617
Layer5Neuron1821,-0.04267692565917969
Layer5Neuron66,-0.04274291917681694
Layer5Neuron776,-0.04306058958172798
Layer5Neuron64,-0.04351472854614258
Layer5Neuron642,-0.04429502412676811
Layer5Neuron1829,-0.04578990861773491
Layer5Neuron293,-0.046292878687381744
Layer5Neuron314,-0.04674701765179634
Layer5Neuron667,-0.04676933214068413
Layer5Neuron1917,-0.04695415496826172
Layer5Neuron985,-0.04720115661621094
Layer5Neuron697,-0.04894313961267471
Layer5Neuron1410,-0.049608804285526276
Layer5Neuron504,-0.049776650965213776
Layer5Neuron1838,-0.05234728008508682
Layer5Neuron535,-0.05280160903930664
Layer5Neuron1224,-0.052977751940488815
Layer5Neuron709,-0.054009534418582916
Layer5Neuron1002,-0.0545474998652935
Layer5Neuron202,-0.05529747158288956
Layer5Neuron396,-0.05544710159301758
Layer5Neuron1554,-0.055478285998106
Layer5Neuron950,-0.05688466876745224
Layer5Neuron684,-0.05691995471715927
Layer5Neuron1132,-0.05792980268597603
Layer5Neuron1143,-0.060425758361816406
Layer5Neuron40,-0.060544777661561966
Layer5Neuron1248,-0.06066389009356499
Layer5Neuron143,-0.06068573147058487
Layer5Neuron382,-0.06311111152172089
Layer5Neuron322,-0.06345091015100479
Layer5Neuron687,-0.06525440514087677
Layer5Neuron1185,-0.06677131354808807
Layer5Neuron132,-0.06689472496509552
Layer5Neuron1786,-0.06699170917272568
Layer5Neuron1116,-0.06719036400318146
Layer5Neuron383,-0.06737537682056427
Layer5Neuron928,-0.06775474548339844
Layer5Neuron305,-0.068323515355587
Layer5Neuron1355,-0.06873349845409393
Layer5Neuron81,-0.06968183815479279
Layer5Neuron473,-0.070246122777462
Layer5Neuron1692,-0.07137508690357208
Layer5Neuron1364,-0.0721820816397667
Layer5Neuron1622,-0.07376499474048615
Layer5Neuron190,-0.07701940834522247
Layer5Neuron806,-0.08076324313879013
Layer5Neuron1275,-0.08084259182214737
Layer5Neuron676,-0.0809352844953537
Layer5Neuron1352,-0.08238153159618378
Layer5Neuron1615,-0.08584318310022354
Layer5Neuron1452,-0.08670749515295029
Layer5Neuron1851,-0.08925189822912216
Layer5Neuron191,-0.08955173194408417
Layer5Neuron817,-0.09008979797363281
Layer5Neuron1289,-0.09235630184412003
Layer5Neuron1817,-0.09362630546092987
Layer5Neuron1657,-0.09396572411060333
Layer5Neuron39,-0.09414205700159073
Layer5Neuron1035,-0.09464053809642792
Layer5Neuron1535,-0.09472427517175674
Layer5Neuron516,-0.09574298560619354
Layer5Neuron503,-0.09645748138427734
Layer5Neuron251,-0.10130796581506729
Layer5Neuron1897,-0.10148000717163086
Layer5Neuron598,-0.10154151916503906
Layer5Neuron862,-0.10697440803050995
Layer5Neuron480,-0.1086852103471756
Layer5Neuron1383,-0.12899646162986755
Layer5Neuron1149,-0.1354871690273285
Layer5Neuron1574,-0.14143601059913635
Layer5Neuron1362,-0.1481519639492035
Layer5Neuron880,-0.2532169222831726
