model_id,layer,head,alpha,direction,prompt_type,a,b,label,base_margin,steered_margin,margin_shift,flipped
google/gemma-2-9b-it,25,8,10.0,minus,clean,81,14,Yes,0.7112749814987183,-3.265462875366211,-3.976737856864929,1
google/gemma-2-9b-it,25,8,10.0,minus,clean,3,94,No,-4.517351150512695,-5.2494401931762695,-0.7320890426635742,0
google/gemma-2-9b-it,25,8,10.0,minus,clean,35,31,Yes,6.397676467895508,2.9980695247650146,-3.399606943130493,0
google/gemma-2-9b-it,25,8,10.0,minus,clean,28,17,Yes,6.183417320251465,2.8272342681884766,-3.3561830520629883,0
google/gemma-2-9b-it,25,8,10.0,minus,clean,94,13,Yes,4.535418510437012,-1.1645774841308594,-5.699995994567871,1
google/gemma-2-9b-it,25,8,10.0,minus,clean,86,94,No,-4.408855438232422,-5.199963569641113,-0.7911081314086914,0
google/gemma-2-9b-it,25,8,10.0,minus,clean,69,11,Yes,0.6217136383056641,-3.3903636932373047,-4.012077331542969,1
google/gemma-2-9b-it,25,8,10.0,minus,clean,75,54,Yes,6.066597938537598,2.7332839965820312,-3.3333139419555664,0
google/gemma-2-9b-it,25,8,10.0,minus,clean,4,3,Yes,7.2032060623168945,3.516021728515625,-3.6871843338012695,0
google/gemma-2-9b-it,25,8,10.0,minus,clean,11,27,No,-4.557991027832031,-5.278940200805664,-0.7209491729736328,0
google/gemma-2-9b-it,25,8,10.0,minus,clean,29,64,No,-4.5873870849609375,-5.359882354736328,-0.7724952697753906,0
google/gemma-2-9b-it,25,8,10.0,minus,clean,77,3,Yes,5.248565673828125,0.4526252746582031,-4.795940399169922,0
google/gemma-2-9b-it,25,8,10.0,minus,clean,71,25,Yes,6.164691925048828,3.0765702724456787,-3.0881216526031494,0
google/gemma-2-9b-it,25,8,10.0,minus,clean,91,83,Yes,5.982287406921387,2.765451431274414,-3.2168359756469727,0
google/gemma-2-9b-it,25,8,10.0,minus,clean,89,69,Yes,6.751762390136719,3.866952657699585,-2.884809732437134,0
google/gemma-2-9b-it,25,8,10.0,minus,clean,53,28,Yes,6.923405647277832,4.16185188293457,-2.7615537643432617,0
google/gemma-2-9b-it,25,8,10.0,minus,clean,57,75,No,-4.314363479614258,-5.128321647644043,-0.8139581680297852,0
google/gemma-2-9b-it,25,8,10.0,minus,clean,35,0,Yes,6.341047286987305,2.1009674072265625,-4.240079879760742,0
google/gemma-2-9b-it,25,8,10.0,minus,clean,97,20,Yes,5.891998291015625,2.4213180541992188,-3.4706802368164062,0
google/gemma-2-9b-it,25,8,10.0,minus,clean,89,54,Yes,6.667729377746582,3.4580156803131104,-3.2097136974334717,0
google/gemma-2-9b-it,25,8,10.0,minus,clean,43,35,Yes,6.318181991577148,2.8730812072753906,-3.445100784301758,0
google/gemma-2-9b-it,25,8,10.0,minus,clean,19,27,No,-4.521718978881836,-5.30133056640625,-0.7796115875244141,0
google/gemma-2-9b-it,25,8,10.0,minus,clean,97,43,Yes,6.575064659118652,3.964658737182617,-2.610405921936035,0
google/gemma-2-9b-it,25,8,10.0,minus,clean,13,11,Yes,5.642411231994629,2.0834522247314453,-3.5589590072631836,0
google/gemma-2-9b-it,25,8,10.0,minus,clean,48,12,Yes,5.925948143005371,1.7231864929199219,-4.202761650085449,0
google/gemma-2-9b-it,25,8,10.0,minus,clean,45,44,Yes,6.662525177001953,2.3912525177001953,-4.271272659301758,0
google/gemma-2-9b-it,25,8,10.0,minus,clean,77,33,Yes,6.103391647338867,2.7341384887695312,-3.369253158569336,0
google/gemma-2-9b-it,25,8,10.0,minus,clean,5,93,No,-4.378246307373047,-5.170485496520996,-0.7922391891479492,0
google/gemma-2-9b-it,25,8,10.0,minus,clean,58,68,No,-4.219482421875,-5.051938056945801,-0.8324556350708008,0
google/gemma-2-9b-it,25,8,10.0,minus,clean,15,48,No,-4.471935272216797,-5.259787559509277,-0.7878522872924805,0
google/gemma-2-9b-it,25,8,10.0,minus,clean,10,70,No,-4.661212921142578,-5.443353652954102,-0.7821407318115234,0
google/gemma-2-9b-it,25,8,10.0,minus,clean,37,80,No,-4.483329772949219,-5.256292343139648,-0.7729625701904297,0
google/gemma-2-9b-it,25,8,10.0,minus,clean,79,46,Yes,6.45751953125,3.5165977478027344,-2.9409217834472656,0
google/gemma-2-9b-it,25,8,10.0,minus,clean,73,24,Yes,6.263420104980469,3.2741200923919678,-2.989300012588501,0
google/gemma-2-9b-it,25,8,10.0,minus,clean,90,8,Yes,3.169496536254883,-2.3801193237304688,-5.549615859985352,1
google/gemma-2-9b-it,25,8,10.0,minus,clean,5,84,No,-4.335912704467773,-5.142882347106934,-0.8069696426391602,0
google/gemma-2-9b-it,25,8,10.0,minus,clean,29,98,No,-4.584089279174805,-5.352002143859863,-0.7679128646850586,0
google/gemma-2-9b-it,25,8,10.0,minus,clean,37,10,Yes,6.6887617111206055,4.164764404296875,-2.5239973068237305,0
google/gemma-2-9b-it,25,8,10.0,minus,clean,29,12,Yes,6.064360618591309,2.877134323120117,-3.1872262954711914,0
google/gemma-2-9b-it,25,8,10.0,minus,clean,48,35,Yes,6.534095764160156,2.9208719730377197,-3.6132237911224365,0
google/gemma-2-9b-it,25,8,10.0,minus,clean,58,81,No,-4.288568496704102,-5.082577705383301,-0.7940092086791992,0
google/gemma-2-9b-it,25,8,10.0,minus,clean,46,20,Yes,6.373272895812988,2.7752304077148438,-3.5980424880981445,0
google/gemma-2-9b-it,25,8,10.0,minus,clean,47,45,Yes,6.5124006271362305,2.993804931640625,-3.5185956954956055,0
google/gemma-2-9b-it,25,8,10.0,minus,clean,26,85,No,-4.8011932373046875,-5.552268028259277,-0.7510747909545898,0
google/gemma-2-9b-it,25,8,10.0,minus,clean,34,89,No,-4.496362686157227,-5.300762176513672,-0.8043994903564453,0
google/gemma-2-9b-it,25,8,10.0,minus,clean,87,82,Yes,6.691497802734375,3.120981216430664,-3.570516586303711,0
google/gemma-2-9b-it,25,8,10.0,minus,clean,9,77,No,-4.310665130615234,-5.157087326049805,-0.8464221954345703,0
google/gemma-2-9b-it,25,8,10.0,minus,clean,81,21,Yes,5.795035362243652,1.6890126466751099,-4.1060227155685425,0
google/gemma-2-9b-it,25,8,10.0,minus,clean,68,93,No,-4.458585739135742,-5.238336563110352,-0.7797508239746094,0
google/gemma-2-9b-it,25,8,10.0,minus,clean,31,20,Yes,6.541451454162598,3.1443748474121094,-3.3970766067504883,0
google/gemma-2-9b-it,25,8,10.0,minus,clean,59,48,Yes,6.424381256103516,3.159585952758789,-3.2647953033447266,0
google/gemma-2-9b-it,25,8,10.0,minus,clean,34,81,No,-4.469364166259766,-5.25129508972168,-0.7819309234619141,0
google/gemma-2-9b-it,25,8,10.0,minus,clean,88,71,Yes,6.271058082580566,2.6954002380371094,-3.575657844543457,0
google/gemma-2-9b-it,25,8,10.0,minus,clean,28,87,No,-4.642858505249023,-5.404842376708984,-0.7619838714599609,0
google/gemma-2-9b-it,25,8,10.0,minus,clean,41,98,No,-4.738218307495117,-5.470634460449219,-0.7324161529541016,0
google/gemma-2-9b-it,25,8,10.0,minus,clean,99,7,Yes,3.966592788696289,-2.0383949279785156,-6.004987716674805,1
google/gemma-2-9b-it,25,8,10.0,minus,clean,29,4,Yes,-1.4131660461425781,-3.7765581607818604,-2.3633921146392822,0
google/gemma-2-9b-it,25,8,10.0,minus,clean,40,51,No,-4.7543134689331055,-5.475059509277344,-0.7207460403442383,0
google/gemma-2-9b-it,25,8,10.0,minus,clean,34,8,Yes,3.118821859359741,-2.540760040283203,-5.659581899642944,1
google/gemma-2-9b-it,25,8,10.0,minus,clean,27,72,No,-4.49787712097168,-5.248321533203125,-0.7504444122314453,0
google/gemma-2-9b-it,25,8,10.0,minus,clean,91,40,Yes,6.422369003295898,3.300252676010132,-3.1221163272857666,0
google/gemma-2-9b-it,25,8,10.0,minus,clean,27,83,No,-4.628322601318359,-5.400623321533203,-0.7723007202148438,0
google/gemma-2-9b-it,25,8,10.0,minus,clean,63,50,Yes,6.214594841003418,2.573698043823242,-3.640896797180176,0
google/gemma-2-9b-it,25,8,10.0,minus,clean,82,58,Yes,6.270699501037598,2.71832275390625,-3.5523767471313477,0
google/gemma-2-9b-it,25,8,10.0,minus,clean,18,33,No,-4.783182144165039,-5.496407508850098,-0.7132253646850586,0
google/gemma-2-9b-it,25,8,10.0,minus,clean,17,31,No,-4.425371170043945,-5.233548164367676,-0.8081769943237305,0
google/gemma-2-9b-it,25,8,10.0,minus,clean,95,71,Yes,6.270271301269531,3.4365768432617188,-2.8336944580078125,0
google/gemma-2-9b-it,25,8,10.0,minus,clean,68,33,Yes,6.129985809326172,2.4405364990234375,-3.6894493103027344,0
google/gemma-2-9b-it,25,8,10.0,minus,clean,95,74,Yes,6.713726997375488,4.024911880493164,-2.688815116882324,0
google/gemma-2-9b-it,25,8,10.0,minus,clean,54,74,No,-4.43937873840332,-5.252266883850098,-0.8128881454467773,0
google/gemma-2-9b-it,25,8,10.0,minus,clean,51,46,Yes,6.756922721862793,3.2729721069335938,-3.483950614929199,0
google/gemma-2-9b-it,25,8,10.0,minus,clean,28,17,Yes,6.183417320251465,2.8272342681884766,-3.3561830520629883,0
google/gemma-2-9b-it,25,8,10.0,minus,clean,65,63,Yes,6.481436729431152,2.6702957153320312,-3.811141014099121,0
google/gemma-2-9b-it,25,8,10.0,minus,clean,11,96,No,-4.299327850341797,-5.124094009399414,-0.8247661590576172,0
google/gemma-2-9b-it,25,8,10.0,minus,clean,6,14,No,-4.432905197143555,-5.196069717407227,-0.7631645202636719,0
google/gemma-2-9b-it,25,8,10.0,minus,clean,19,80,No,-4.507213592529297,-5.30560302734375,-0.7983894348144531,0
google/gemma-2-9b-it,25,8,10.0,minus,clean,20,87,No,-4.31988525390625,-5.170289993286133,-0.8504047393798828,0
google/gemma-2-9b-it,25,8,10.0,minus,clean,54,76,No,-4.573858261108398,-5.370576858520508,-0.7967185974121094,0
google/gemma-2-9b-it,25,8,10.0,minus,clean,8,49,No,-4.075450897216797,-4.924670219421387,-0.8492193222045898,0
google/gemma-2-9b-it,25,8,10.0,minus,clean,48,76,No,-4.740091323852539,-5.469858169555664,-0.729766845703125,0
google/gemma-2-9b-it,25,8,10.0,minus,clean,59,67,No,-4.298318862915039,-5.097882270812988,-0.7995634078979492,0
google/gemma-2-9b-it,25,8,10.0,minus,clean,32,70,No,-4.729429244995117,-5.450247764587402,-0.7208185195922852,0
google/gemma-2-9b-it,25,8,10.0,minus,clean,1,87,No,-4.707993507385254,-5.371380805969238,-0.6633872985839844,0
google/gemma-2-9b-it,25,8,10.0,minus,clean,92,14,Yes,4.983028411865234,-0.23383522033691406,-5.216863632202148,1
google/gemma-2-9b-it,25,8,10.0,minus,clean,87,68,Yes,6.718040466308594,3.736715078353882,-2.981325387954712,0
google/gemma-2-9b-it,25,8,10.0,minus,clean,96,34,Yes,6.331010818481445,3.110319137573242,-3.220691680908203,0
google/gemma-2-9b-it,25,8,10.0,minus,clean,98,82,Yes,5.619699478149414,1.4075889587402344,-4.21211051940918,0
google/gemma-2-9b-it,25,8,10.0,minus,clean,43,14,Yes,6.0862321853637695,3.005636215209961,-3.0805959701538086,0
google/gemma-2-9b-it,25,8,10.0,minus,clean,37,55,No,-4.450534820556641,-5.237924575805664,-0.7873897552490234,0
google/gemma-2-9b-it,25,8,10.0,minus,clean,20,58,No,-4.324014663696289,-5.152149200439453,-0.8281345367431641,0
google/gemma-2-9b-it,25,8,10.0,minus,clean,0,92,No,-5.159454345703125,-5.65478515625,-0.495330810546875,0
google/gemma-2-9b-it,25,8,10.0,minus,clean,92,33,Yes,6.216716766357422,2.939849853515625,-3.276866912841797,0
google/gemma-2-9b-it,25,8,10.0,minus,clean,64,97,No,-4.654657363891602,-5.400670051574707,-0.7460126876831055,0
google/gemma-2-9b-it,25,8,10.0,minus,clean,22,64,No,-4.6105194091796875,-5.363173484802246,-0.7526540756225586,0
google/gemma-2-9b-it,25,8,10.0,minus,clean,13,80,No,-4.459543228149414,-5.245594024658203,-0.7860507965087891,0
google/gemma-2-9b-it,25,8,10.0,minus,clean,38,81,No,-4.466459274291992,-5.241168975830078,-0.7747097015380859,0
google/gemma-2-9b-it,25,8,10.0,minus,clean,64,77,No,-4.584836959838867,-5.290193557739258,-0.7053565979003906,0
google/gemma-2-9b-it,25,8,10.0,minus,clean,25,19,Yes,6.059770584106445,2.3785572052001953,-3.68121337890625,0
google/gemma-2-9b-it,25,8,10.0,minus,clean,47,97,No,-4.485530853271484,-5.278600692749023,-0.7930698394775391,0
google/gemma-2-9b-it,25,8,10.0,minus,clean,20,69,No,-4.57225227355957,-5.367136001586914,-0.7948837280273438,0
google/gemma-2-9b-it,25,8,10.0,plus,clean,81,14,Yes,0.7112749814987183,4.868694305419922,4.157419323921204,0
google/gemma-2-9b-it,25,8,10.0,plus,clean,3,94,No,-4.517351150512695,-2.187032699584961,2.3303184509277344,0
google/gemma-2-9b-it,25,8,10.0,plus,clean,35,31,Yes,6.397676467895508,6.664717674255371,0.2670412063598633,0
google/gemma-2-9b-it,25,8,10.0,plus,clean,28,17,Yes,6.183417320251465,6.496471405029297,0.31305408477783203,0
google/gemma-2-9b-it,25,8,10.0,plus,clean,94,13,Yes,4.535418510437012,5.52593994140625,0.9905214309692383,0
google/gemma-2-9b-it,25,8,10.0,plus,clean,86,94,No,-4.408855438232422,-1.644809603691101,2.764045834541321,0
google/gemma-2-9b-it,25,8,10.0,plus,clean,69,11,Yes,0.6217136383056641,4.249910354614258,3.6281967163085938,0
google/gemma-2-9b-it,25,8,10.0,plus,clean,75,54,Yes,6.066597938537598,6.443848609924316,0.37725067138671875,0
google/gemma-2-9b-it,25,8,10.0,plus,clean,4,3,Yes,7.2032060623168945,7.36905574798584,0.1658496856689453,0
google/gemma-2-9b-it,25,8,10.0,plus,clean,11,27,No,-4.557991027832031,-2.2065563201904297,2.3514347076416016,0
google/gemma-2-9b-it,25,8,10.0,plus,clean,29,64,No,-4.5873870849609375,-2.2156200408935547,2.371767044067383,0
google/gemma-2-9b-it,25,8,10.0,plus,clean,77,3,Yes,5.248565673828125,5.584170341491699,0.3356046676635742,0
google/gemma-2-9b-it,25,8,10.0,plus,clean,71,25,Yes,6.164691925048828,6.35798454284668,0.19329261779785156,0
google/gemma-2-9b-it,25,8,10.0,plus,clean,91,83,Yes,5.982287406921387,6.307855606079102,0.32556819915771484,0
google/gemma-2-9b-it,25,8,10.0,plus,clean,89,69,Yes,6.751762390136719,6.92232608795166,0.1705636978149414,0
google/gemma-2-9b-it,25,8,10.0,plus,clean,53,28,Yes,6.923405647277832,6.99381160736084,0.07040596008300781,0
google/gemma-2-9b-it,25,8,10.0,plus,clean,57,75,No,-4.314363479614258,-1.465997576713562,2.848365902900696,0
google/gemma-2-9b-it,25,8,10.0,plus,clean,35,0,Yes,6.341047286987305,6.395583152770996,0.054535865783691406,0
google/gemma-2-9b-it,25,8,10.0,plus,clean,97,20,Yes,5.891998291015625,6.149517059326172,0.2575187683105469,0
google/gemma-2-9b-it,25,8,10.0,plus,clean,89,54,Yes,6.667729377746582,6.869219779968262,0.2014904022216797,0
google/gemma-2-9b-it,25,8,10.0,plus,clean,43,35,Yes,6.318181991577148,6.662688255310059,0.34450626373291016,0
google/gemma-2-9b-it,25,8,10.0,plus,clean,19,27,No,-4.521718978881836,-1.773980975151062,2.747738003730774,0
google/gemma-2-9b-it,25,8,10.0,plus,clean,97,43,Yes,6.575064659118652,6.656576156616211,0.0815114974975586,0
google/gemma-2-9b-it,25,8,10.0,plus,clean,13,11,Yes,5.642411231994629,6.1296586990356445,0.4872474670410156,0
google/gemma-2-9b-it,25,8,10.0,plus,clean,48,12,Yes,5.925948143005371,6.25692081451416,0.33097267150878906,0
google/gemma-2-9b-it,25,8,10.0,plus,clean,45,44,Yes,6.662525177001953,6.826786041259766,0.1642608642578125,0
google/gemma-2-9b-it,25,8,10.0,plus,clean,77,33,Yes,6.103391647338867,6.424114227294922,0.3207225799560547,0
google/gemma-2-9b-it,25,8,10.0,plus,clean,5,93,No,-4.378246307373047,-1.7215996980667114,2.6566466093063354,0
google/gemma-2-9b-it,25,8,10.0,plus,clean,58,68,No,-4.219482421875,-1.2780359983444214,2.9414464235305786,0
google/gemma-2-9b-it,25,8,10.0,plus,clean,15,48,No,-4.471935272216797,-1.816269040107727,2.65566623210907,0
google/gemma-2-9b-it,25,8,10.0,plus,clean,10,70,No,-4.661212921142578,-2.0102176666259766,2.6509952545166016,0
google/gemma-2-9b-it,25,8,10.0,plus,clean,37,80,No,-4.483329772949219,-2.0611915588378906,2.422138214111328,0
google/gemma-2-9b-it,25,8,10.0,plus,clean,79,46,Yes,6.45751953125,6.665105819702148,0.20758628845214844,0
google/gemma-2-9b-it,25,8,10.0,plus,clean,73,24,Yes,6.263420104980469,6.457402229309082,0.19398212432861328,0
google/gemma-2-9b-it,25,8,10.0,plus,clean,90,8,Yes,3.169496536254883,4.822727203369141,1.6532306671142578,0
google/gemma-2-9b-it,25,8,10.0,plus,clean,5,84,No,-4.335912704467773,-1.5313395261764526,2.804573178291321,0
google/gemma-2-9b-it,25,8,10.0,plus,clean,29,98,No,-4.584089279174805,-2.296100616455078,2.2879886627197266,0
google/gemma-2-9b-it,25,8,10.0,plus,clean,37,10,Yes,6.6887617111206055,6.733241081237793,0.0444793701171875,0
google/gemma-2-9b-it,25,8,10.0,plus,clean,29,12,Yes,6.064360618591309,6.306222915649414,0.24186229705810547,0
google/gemma-2-9b-it,25,8,10.0,plus,clean,48,35,Yes,6.534095764160156,6.792257308959961,0.2581615447998047,0
google/gemma-2-9b-it,25,8,10.0,plus,clean,58,81,No,-4.288568496704102,-1.5798168182373047,2.708751678466797,0
google/gemma-2-9b-it,25,8,10.0,plus,clean,46,20,Yes,6.373272895812988,6.670873641967773,0.29760074615478516,0
google/gemma-2-9b-it,25,8,10.0,plus,clean,47,45,Yes,6.5124006271362305,6.736069679260254,0.22366905212402344,0
google/gemma-2-9b-it,25,8,10.0,plus,clean,26,85,No,-4.8011932373046875,-2.4265403747558594,2.374652862548828,0
google/gemma-2-9b-it,25,8,10.0,plus,clean,34,89,No,-4.496362686157227,-1.8570594787597656,2.639303207397461,0
google/gemma-2-9b-it,25,8,10.0,plus,clean,87,82,Yes,6.691497802734375,6.9163665771484375,0.2248687744140625,0
google/gemma-2-9b-it,25,8,10.0,plus,clean,9,77,No,-4.310665130615234,-1.64239501953125,2.6682701110839844,0
google/gemma-2-9b-it,25,8,10.0,plus,clean,81,21,Yes,5.795035362243652,6.17738151550293,0.38234615325927734,0
google/gemma-2-9b-it,25,8,10.0,plus,clean,68,93,No,-4.458585739135742,-1.7058219909667969,2.7527637481689453,0
google/gemma-2-9b-it,25,8,10.0,plus,clean,31,20,Yes,6.541451454162598,6.752307891845703,0.21085643768310547,0
google/gemma-2-9b-it,25,8,10.0,plus,clean,59,48,Yes,6.424381256103516,6.758849143981934,0.33446788787841797,0
google/gemma-2-9b-it,25,8,10.0,plus,clean,34,81,No,-4.469364166259766,-2.0601234436035156,2.40924072265625,0
google/gemma-2-9b-it,25,8,10.0,plus,clean,88,71,Yes,6.271058082580566,6.590520858764648,0.31946277618408203,0
google/gemma-2-9b-it,25,8,10.0,plus,clean,28,87,No,-4.642858505249023,-2.234508514404297,2.4083499908447266,0
google/gemma-2-9b-it,25,8,10.0,plus,clean,41,98,No,-4.738218307495117,-2.4999351501464844,2.238283157348633,0
google/gemma-2-9b-it,25,8,10.0,plus,clean,99,7,Yes,3.966592788696289,5.177289009094238,1.2106962203979492,0
google/gemma-2-9b-it,25,8,10.0,plus,clean,29,4,Yes,-1.4131660461425781,3.813058853149414,5.226224899291992,1
google/gemma-2-9b-it,25,8,10.0,plus,clean,40,51,No,-4.7543134689331055,-2.405546188354492,2.3487672805786133,0
google/gemma-2-9b-it,25,8,10.0,plus,clean,34,8,Yes,3.118821859359741,5.28334903717041,2.164527177810669,0
google/gemma-2-9b-it,25,8,10.0,plus,clean,27,72,No,-4.49787712097168,-2.156230926513672,2.341646194458008,0
google/gemma-2-9b-it,25,8,10.0,plus,clean,91,40,Yes,6.422369003295898,6.593385696411133,0.17101669311523438,0
google/gemma-2-9b-it,25,8,10.0,plus,clean,27,83,No,-4.628322601318359,-2.137369155883789,2.4909534454345703,0
google/gemma-2-9b-it,25,8,10.0,plus,clean,63,50,Yes,6.214594841003418,6.5606536865234375,0.34605884552001953,0
google/gemma-2-9b-it,25,8,10.0,plus,clean,82,58,Yes,6.270699501037598,6.622282028198242,0.35158252716064453,0
google/gemma-2-9b-it,25,8,10.0,plus,clean,18,33,No,-4.783182144165039,-2.347066879272461,2.436115264892578,0
google/gemma-2-9b-it,25,8,10.0,plus,clean,17,31,No,-4.425371170043945,-1.3634777069091797,3.0618934631347656,0
google/gemma-2-9b-it,25,8,10.0,plus,clean,95,71,Yes,6.270271301269531,6.465317726135254,0.19504642486572266,0
google/gemma-2-9b-it,25,8,10.0,plus,clean,68,33,Yes,6.129985809326172,6.484786033630371,0.3548002243041992,0
google/gemma-2-9b-it,25,8,10.0,plus,clean,95,74,Yes,6.713726997375488,6.846260070800781,0.13253307342529297,0
google/gemma-2-9b-it,25,8,10.0,plus,clean,54,74,No,-4.43937873840332,-1.5141010284423828,2.9252777099609375,0
google/gemma-2-9b-it,25,8,10.0,plus,clean,51,46,Yes,6.756922721862793,6.987115859985352,0.2301931381225586,0
google/gemma-2-9b-it,25,8,10.0,plus,clean,28,17,Yes,6.183417320251465,6.496471405029297,0.31305408477783203,0
google/gemma-2-9b-it,25,8,10.0,plus,clean,65,63,Yes,6.481436729431152,6.742300987243652,0.2608642578125,0
google/gemma-2-9b-it,25,8,10.0,plus,clean,11,96,No,-4.299327850341797,-1.666477084159851,2.632850766181946,0
google/gemma-2-9b-it,25,8,10.0,plus,clean,6,14,No,-4.432905197143555,-1.8296583890914917,2.603246808052063,0
google/gemma-2-9b-it,25,8,10.0,plus,clean,19,80,No,-4.507213592529297,-1.9037379026412964,2.6034756898880005,0
google/gemma-2-9b-it,25,8,10.0,plus,clean,20,87,No,-4.31988525390625,-1.4483814239501953,2.8715038299560547,0
google/gemma-2-9b-it,25,8,10.0,plus,clean,54,76,No,-4.573858261108398,-1.7512378692626953,2.822620391845703,0
google/gemma-2-9b-it,25,8,10.0,plus,clean,8,49,No,-4.075450897216797,-1.3322676420211792,2.7431832551956177,0
google/gemma-2-9b-it,25,8,10.0,plus,clean,48,76,No,-4.740091323852539,-2.331247329711914,2.408843994140625,0
google/gemma-2-9b-it,25,8,10.0,plus,clean,59,67,No,-4.298318862915039,-1.2686864137649536,3.0296324491500854,0
google/gemma-2-9b-it,25,8,10.0,plus,clean,32,70,No,-4.729429244995117,-2.527799606323242,2.201629638671875,0
google/gemma-2-9b-it,25,8,10.0,plus,clean,1,87,No,-4.707993507385254,-2.4255409240722656,2.2824525833129883,0
google/gemma-2-9b-it,25,8,10.0,plus,clean,92,14,Yes,4.983028411865234,5.69559383392334,0.7125654220581055,0
google/gemma-2-9b-it,25,8,10.0,plus,clean,87,68,Yes,6.718040466308594,6.948101043701172,0.23006057739257812,0
google/gemma-2-9b-it,25,8,10.0,plus,clean,96,34,Yes,6.331010818481445,6.533631324768066,0.2026205062866211,0
google/gemma-2-9b-it,25,8,10.0,plus,clean,98,82,Yes,5.619699478149414,6.13995361328125,0.5202541351318359,0
google/gemma-2-9b-it,25,8,10.0,plus,clean,43,14,Yes,6.0862321853637695,6.310382843017578,0.2241506576538086,0
google/gemma-2-9b-it,25,8,10.0,plus,clean,37,55,No,-4.450534820556641,-1.7584152221679688,2.692119598388672,0
google/gemma-2-9b-it,25,8,10.0,plus,clean,20,58,No,-4.324014663696289,-1.6918563842773438,2.6321582794189453,0
google/gemma-2-9b-it,25,8,10.0,plus,clean,0,92,No,-5.159454345703125,-3.446044683456421,1.713409662246704,0
google/gemma-2-9b-it,25,8,10.0,plus,clean,92,33,Yes,6.216716766357422,6.487642288208008,0.27092552185058594,0
google/gemma-2-9b-it,25,8,10.0,plus,clean,64,97,No,-4.654657363891602,-2.411754608154297,2.2429027557373047,0
google/gemma-2-9b-it,25,8,10.0,plus,clean,22,64,No,-4.6105194091796875,-2.32391357421875,2.2866058349609375,0
google/gemma-2-9b-it,25,8,10.0,plus,clean,13,80,No,-4.459543228149414,-1.7949713468551636,2.6645718812942505,0
google/gemma-2-9b-it,25,8,10.0,plus,clean,38,81,No,-4.466459274291992,-1.9630316495895386,2.5034276247024536,0
google/gemma-2-9b-it,25,8,10.0,plus,clean,64,77,No,-4.584836959838867,-2.4638748168945312,2.120962142944336,0
google/gemma-2-9b-it,25,8,10.0,plus,clean,25,19,Yes,6.059770584106445,6.461143493652344,0.40137290954589844,0
google/gemma-2-9b-it,25,8,10.0,plus,clean,47,97,No,-4.485530853271484,-1.8200513124465942,2.66547954082489,0
google/gemma-2-9b-it,25,8,10.0,plus,clean,20,69,No,-4.57225227355957,-2.0857620239257812,2.486490249633789,0
google/gemma-2-9b-it,25,8,10.0,minus,corrupt,81,14,No,-4.1834716796875,-4.992559432983398,-0.8090877532958984,0
google/gemma-2-9b-it,25,8,10.0,minus,corrupt,3,94,Yes,5.202052116394043,0.5813465118408203,-4.620705604553223,0
google/gemma-2-9b-it,25,8,10.0,minus,corrupt,35,31,No,-4.321226119995117,-5.115453720092773,-0.7942276000976562,0
google/gemma-2-9b-it,25,8,10.0,minus,corrupt,28,17,No,-4.623565673828125,-5.373283386230469,-0.7497177124023438,0
google/gemma-2-9b-it,25,8,10.0,minus,corrupt,94,13,No,-4.315324783325195,-5.120170593261719,-0.8048458099365234,0
google/gemma-2-9b-it,25,8,10.0,minus,corrupt,86,94,Yes,6.2828264236450195,2.958791971206665,-3.3240344524383545,0
google/gemma-2-9b-it,25,8,10.0,minus,corrupt,69,11,No,-4.529483795166016,-5.2590484619140625,-0.7295646667480469,0
google/gemma-2-9b-it,25,8,10.0,minus,corrupt,75,54,No,-4.537099838256836,-5.294061660766602,-0.7569618225097656,0
google/gemma-2-9b-it,25,8,10.0,minus,corrupt,4,3,No,-5.082448959350586,-5.780681610107422,-0.6982326507568359,0
google/gemma-2-9b-it,25,8,10.0,minus,corrupt,11,27,Yes,5.600859642028809,1.7665252685546875,-3.834334373474121,0
google/gemma-2-9b-it,25,8,10.0,minus,corrupt,29,64,Yes,6.285190582275391,3.0923879146575928,-3.192802667617798,0
google/gemma-2-9b-it,25,8,10.0,minus,corrupt,77,3,No,-4.696921348571777,-5.365352630615234,-0.668431282043457,0
google/gemma-2-9b-it,25,8,10.0,minus,corrupt,71,25,No,-4.6529541015625,-5.390212059020996,-0.7372579574584961,0
google/gemma-2-9b-it,25,8,10.0,minus,corrupt,91,83,No,-4.213468551635742,-5.053205490112305,-0.8397369384765625,0
google/gemma-2-9b-it,25,8,10.0,minus,corrupt,89,69,No,-5.022147178649902,-5.677677154541016,-0.6555299758911133,0
google/gemma-2-9b-it,25,8,10.0,minus,corrupt,53,28,No,-4.643177032470703,-5.401541709899902,-0.7583646774291992,0
google/gemma-2-9b-it,25,8,10.0,minus,corrupt,57,75,Yes,6.042483329772949,2.7999038696289062,-3.242579460144043,0
google/gemma-2-9b-it,25,8,10.0,minus,corrupt,35,0,No,-5.138533592224121,-5.689092636108398,-0.5505590438842773,0
google/gemma-2-9b-it,25,8,10.0,minus,corrupt,97,20,No,-4.331171035766602,-5.136590003967285,-0.8054189682006836,0
google/gemma-2-9b-it,25,8,10.0,minus,corrupt,89,54,No,-4.507770538330078,-5.282383918762207,-0.7746133804321289,0
google/gemma-2-9b-it,25,8,10.0,minus,corrupt,43,35,No,-4.485603332519531,-5.271884918212891,-0.7862815856933594,0
google/gemma-2-9b-it,25,8,10.0,minus,corrupt,19,27,Yes,4.871285438537598,0.39547741413116455,-4.475808024406433,0
google/gemma-2-9b-it,25,8,10.0,minus,corrupt,97,43,No,-4.518871307373047,-5.292573928833008,-0.7737026214599609,0
google/gemma-2-9b-it,25,8,10.0,minus,corrupt,13,11,No,-4.693229675292969,-5.370940208435059,-0.6777105331420898,0
google/gemma-2-9b-it,25,8,10.0,minus,corrupt,48,12,No,-4.27678108215332,-5.048039436340332,-0.7712583541870117,0
google/gemma-2-9b-it,25,8,10.0,minus,corrupt,45,44,No,-4.512781143188477,-5.211139678955078,-0.6983585357666016,0
google/gemma-2-9b-it,25,8,10.0,minus,corrupt,77,33,No,-4.76120662689209,-5.435088157653809,-0.6738815307617188,0
google/gemma-2-9b-it,25,8,10.0,minus,corrupt,5,93,Yes,5.190787315368652,0.6193675994873047,-4.571419715881348,0
google/gemma-2-9b-it,25,8,10.0,minus,corrupt,58,68,Yes,6.112817764282227,2.5706424713134766,-3.54217529296875,0
google/gemma-2-9b-it,25,8,10.0,minus,corrupt,15,48,Yes,6.30708122253418,2.5883426666259766,-3.718738555908203,0
google/gemma-2-9b-it,25,8,10.0,minus,corrupt,10,70,Yes,5.766149520874023,1.6499403715133667,-4.116209149360657,0
google/gemma-2-9b-it,25,8,10.0,minus,corrupt,37,80,Yes,6.699962615966797,3.2494640350341797,-3.450498580932617,0
google/gemma-2-9b-it,25,8,10.0,minus,corrupt,79,46,No,-4.39874267578125,-5.189177513122559,-0.7904348373413086,0
google/gemma-2-9b-it,25,8,10.0,minus,corrupt,73,24,No,-4.622123718261719,-5.360881805419922,-0.7387580871582031,0
google/gemma-2-9b-it,25,8,10.0,minus,corrupt,90,8,No,-4.759252548217773,-5.466508865356445,-0.7072563171386719,0
google/gemma-2-9b-it,25,8,10.0,minus,corrupt,5,84,Yes,4.702724456787109,-1.3271387815475464,-6.029863238334656,1
google/gemma-2-9b-it,25,8,10.0,minus,corrupt,29,98,Yes,5.706063270568848,1.725311279296875,-3.9807519912719727,0
google/gemma-2-9b-it,25,8,10.0,minus,corrupt,37,10,No,-4.574409484863281,-5.281879425048828,-0.7074699401855469,0
google/gemma-2-9b-it,25,8,10.0,minus,corrupt,29,12,No,-4.513729095458984,-5.2328901290893555,-0.7191610336303711,0
google/gemma-2-9b-it,25,8,10.0,minus,corrupt,48,35,No,-4.3476104736328125,-5.119536399841309,-0.7719259262084961,0
google/gemma-2-9b-it,25,8,10.0,minus,corrupt,58,81,Yes,6.131075859069824,2.110424041748047,-4.020651817321777,0
google/gemma-2-9b-it,25,8,10.0,minus,corrupt,46,20,No,-4.293216705322266,-5.080860137939453,-0.7876434326171875,0
google/gemma-2-9b-it,25,8,10.0,minus,corrupt,47,45,No,-4.504396438598633,-5.207201957702637,-0.7028055191040039,0
google/gemma-2-9b-it,25,8,10.0,minus,corrupt,26,85,Yes,6.8167266845703125,3.7595808506011963,-3.057145833969116,0
google/gemma-2-9b-it,25,8,10.0,minus,corrupt,34,89,Yes,6.85139274597168,3.8703384399414062,-2.9810543060302734,0
google/gemma-2-9b-it,25,8,10.0,minus,corrupt,87,82,No,-4.207094192504883,-5.0025739669799805,-0.7954797744750977,0
google/gemma-2-9b-it,25,8,10.0,minus,corrupt,9,77,Yes,-2.5615310668945312,-3.9148521423339844,-1.3533210754394531,0
google/gemma-2-9b-it,25,8,10.0,minus,corrupt,81,21,No,-4.567171096801758,-5.313884735107422,-0.7467136383056641,0
google/gemma-2-9b-it,25,8,10.0,minus,corrupt,68,93,Yes,6.566397666931152,3.953113555908203,-2.613284111022949,0
google/gemma-2-9b-it,25,8,10.0,minus,corrupt,31,20,No,-4.563404083251953,-5.321057319641113,-0.7576532363891602,0
google/gemma-2-9b-it,25,8,10.0,minus,corrupt,59,48,No,-4.469078063964844,-5.213260650634766,-0.7441825866699219,0
google/gemma-2-9b-it,25,8,10.0,minus,corrupt,34,81,Yes,6.122628211975098,1.9532184600830078,-4.16940975189209,0
google/gemma-2-9b-it,25,8,10.0,minus,corrupt,88,71,No,-4.449581146240234,-5.191819190979004,-0.7422380447387695,0
google/gemma-2-9b-it,25,8,10.0,minus,corrupt,28,87,Yes,6.471451759338379,3.276801824569702,-3.1946499347686768,0
google/gemma-2-9b-it,25,8,10.0,minus,corrupt,41,98,Yes,6.227890968322754,2.9560012817382812,-3.2718896865844727,0
google/gemma-2-9b-it,25,8,10.0,minus,corrupt,99,7,No,-4.380001068115234,-5.200929641723633,-0.8209285736083984,0
google/gemma-2-9b-it,25,8,10.0,minus,corrupt,29,4,No,-4.413236618041992,-5.174002647399902,-0.7607660293579102,0
google/gemma-2-9b-it,25,8,10.0,minus,corrupt,40,51,Yes,6.854567527770996,3.481405258178711,-3.373162269592285,0
google/gemma-2-9b-it,25,8,10.0,minus,corrupt,34,8,No,-4.283010482788086,-5.075580596923828,-0.7925701141357422,0
google/gemma-2-9b-it,25,8,10.0,minus,corrupt,27,72,Yes,6.0071916580200195,2.5910892486572266,-3.416102409362793,0
google/gemma-2-9b-it,25,8,10.0,minus,corrupt,91,40,No,-4.673137664794922,-5.393640518188477,-0.7205028533935547,0
google/gemma-2-9b-it,25,8,10.0,minus,corrupt,27,83,Yes,6.522455215454102,3.5122547149658203,-3.0102005004882812,0
google/gemma-2-9b-it,25,8,10.0,minus,corrupt,63,50,No,-4.529003143310547,-5.264142036437988,-0.7351388931274414,0
google/gemma-2-9b-it,25,8,10.0,minus,corrupt,82,58,No,-4.36492919921875,-5.139681816101074,-0.7747526168823242,0
google/gemma-2-9b-it,25,8,10.0,minus,corrupt,18,33,Yes,6.125418663024902,2.5802154541015625,-3.54520320892334,0
google/gemma-2-9b-it,25,8,10.0,minus,corrupt,17,31,Yes,6.405682563781738,3.7170867919921875,-2.688595771789551,0
google/gemma-2-9b-it,25,8,10.0,minus,corrupt,95,71,No,-4.5328216552734375,-5.3085222244262695,-0.775700569152832,0
google/gemma-2-9b-it,25,8,10.0,minus,corrupt,68,33,No,-4.620965957641602,-5.31391716003418,-0.6929512023925781,0
google/gemma-2-9b-it,25,8,10.0,minus,corrupt,95,74,No,-4.7009735107421875,-5.446803092956543,-0.7458295822143555,0
google/gemma-2-9b-it,25,8,10.0,minus,corrupt,54,74,Yes,6.181606292724609,3.0447654724121094,-3.1368408203125,0
google/gemma-2-9b-it,25,8,10.0,minus,corrupt,51,46,No,-4.436281204223633,-5.189449310302734,-0.7531681060791016,0
google/gemma-2-9b-it,25,8,10.0,minus,corrupt,28,17,No,-4.623565673828125,-5.373283386230469,-0.7497177124023438,0
google/gemma-2-9b-it,25,8,10.0,minus,corrupt,65,63,No,-4.355348587036133,-5.086371421813965,-0.731022834777832,0
google/gemma-2-9b-it,25,8,10.0,minus,corrupt,11,96,Yes,-0.9668006896972656,-3.2350637912750244,-2.268263101577759,0
google/gemma-2-9b-it,25,8,10.0,minus,corrupt,6,14,Yes,6.410440444946289,3.1359920501708984,-3.2744483947753906,0
google/gemma-2-9b-it,25,8,10.0,minus,corrupt,19,80,Yes,5.8487348556518555,1.1670513153076172,-4.681683540344238,0
google/gemma-2-9b-it,25,8,10.0,minus,corrupt,20,87,Yes,6.511501312255859,3.2808971405029297,-3.2306041717529297,0
google/gemma-2-9b-it,25,8,10.0,minus,corrupt,54,76,Yes,6.3194990158081055,3.2033536434173584,-3.116145372390747,0
google/gemma-2-9b-it,25,8,10.0,minus,corrupt,8,49,Yes,-2.377471923828125,-4.068078994750977,-1.6906070709228516,0
google/gemma-2-9b-it,25,8,10.0,minus,corrupt,48,76,Yes,6.276267051696777,3.0934925079345703,-3.182774543762207,0
google/gemma-2-9b-it,25,8,10.0,minus,corrupt,59,67,Yes,5.746299743652344,2.5981521606445312,-3.1481475830078125,0
google/gemma-2-9b-it,25,8,10.0,minus,corrupt,32,70,Yes,6.1920928955078125,2.786855697631836,-3.4052371978759766,0
google/gemma-2-9b-it,25,8,10.0,minus,corrupt,1,87,Yes,5.66422176361084,2.5318565368652344,-3.1323652267456055,0
google/gemma-2-9b-it,25,8,10.0,minus,corrupt,92,14,No,-4.2549285888671875,-5.080746650695801,-0.8258180618286133,0
google/gemma-2-9b-it,25,8,10.0,minus,corrupt,87,68,No,-4.522190093994141,-5.248713493347168,-0.7265233993530273,0
google/gemma-2-9b-it,25,8,10.0,minus,corrupt,96,34,No,-4.565250396728516,-5.302289962768555,-0.7370395660400391,0
google/gemma-2-9b-it,25,8,10.0,minus,corrupt,98,82,No,-4.453031539916992,-5.215762138366699,-0.762730598449707,0
google/gemma-2-9b-it,25,8,10.0,minus,corrupt,43,14,No,-4.544761657714844,-5.282628059387207,-0.7378664016723633,0
google/gemma-2-9b-it,25,8,10.0,minus,corrupt,37,55,Yes,6.709033012390137,3.6791553497314453,-3.0298776626586914,0
google/gemma-2-9b-it,25,8,10.0,minus,corrupt,20,58,Yes,6.611096382141113,2.9191646575927734,-3.69193172454834,0
google/gemma-2-9b-it,25,8,10.0,minus,corrupt,0,92,Yes,6.158766746520996,3.0697994232177734,-3.0889673233032227,0
google/gemma-2-9b-it,25,8,10.0,minus,corrupt,92,33,No,-4.646699905395508,-5.351083755493164,-0.7043838500976562,0
google/gemma-2-9b-it,25,8,10.0,minus,corrupt,64,97,Yes,6.475717544555664,3.5960843563079834,-2.8796331882476807,0
google/gemma-2-9b-it,25,8,10.0,minus,corrupt,22,64,Yes,4.797819137573242,-0.3741302490234375,-5.17194938659668,1
google/gemma-2-9b-it,25,8,10.0,minus,corrupt,13,80,Yes,3.7901477813720703,-2.0624542236328125,-5.852602005004883,1
google/gemma-2-9b-it,25,8,10.0,minus,corrupt,38,81,Yes,6.116422653198242,1.8340301513671875,-4.282392501831055,0
google/gemma-2-9b-it,25,8,10.0,minus,corrupt,64,77,Yes,6.168741226196289,2.7388172149658203,-3.4299240112304688,0
google/gemma-2-9b-it,25,8,10.0,minus,corrupt,25,19,No,-4.545833587646484,-5.312211036682129,-0.7663774490356445,0
google/gemma-2-9b-it,25,8,10.0,minus,corrupt,47,97,Yes,6.547562599182129,4.239219665527344,-2.308342933654785,0
google/gemma-2-9b-it,25,8,10.0,minus,corrupt,20,69,Yes,3.5181925296783447,-2.2743396759033203,-5.792532205581665,1
google/gemma-2-9b-it,25,8,10.0,plus,corrupt,81,14,No,-4.1834716796875,-1.3577995300292969,2.825672149658203,0
google/gemma-2-9b-it,25,8,10.0,plus,corrupt,3,94,Yes,5.202052116394043,5.522953033447266,0.32090091705322266,0
google/gemma-2-9b-it,25,8,10.0,plus,corrupt,35,31,No,-4.321226119995117,-1.2520159482955933,3.069210171699524,0
google/gemma-2-9b-it,25,8,10.0,plus,corrupt,28,17,No,-4.623565673828125,-1.7806681394577026,2.8428975343704224,0
google/gemma-2-9b-it,25,8,10.0,plus,corrupt,94,13,No,-4.315324783325195,-1.4570369720458984,2.858287811279297,0
google/gemma-2-9b-it,25,8,10.0,plus,corrupt,86,94,Yes,6.2828264236450195,6.6216535568237305,0.33882713317871094,0
google/gemma-2-9b-it,25,8,10.0,plus,corrupt,69,11,No,-4.529483795166016,-2.1423492431640625,2.387134552001953,0
google/gemma-2-9b-it,25,8,10.0,plus,corrupt,75,54,No,-4.537099838256836,-1.6693612337112427,2.8677386045455933,0
google/gemma-2-9b-it,25,8,10.0,plus,corrupt,4,3,No,-5.082448959350586,-2.2001686096191406,2.8822803497314453,0
google/gemma-2-9b-it,25,8,10.0,plus,corrupt,11,27,Yes,5.600859642028809,6.020722389221191,0.4198627471923828,0
google/gemma-2-9b-it,25,8,10.0,plus,corrupt,29,64,Yes,6.285190582275391,6.517851829528809,0.23266124725341797,0
google/gemma-2-9b-it,25,8,10.0,plus,corrupt,77,3,No,-4.696921348571777,-2.3384628295898438,2.3584585189819336,0
google/gemma-2-9b-it,25,8,10.0,plus,corrupt,71,25,No,-4.6529541015625,-2.108095169067383,2.544858932495117,0
google/gemma-2-9b-it,25,8,10.0,plus,corrupt,91,83,No,-4.213468551635742,-0.7928065061569214,3.420662045478821,0
google/gemma-2-9b-it,25,8,10.0,plus,corrupt,89,69,No,-5.022147178649902,-2.6362056732177734,2.385941505432129,0
google/gemma-2-9b-it,25,8,10.0,plus,corrupt,53,28,No,-4.643177032470703,-1.9073275327682495,2.7358494997024536,0
google/gemma-2-9b-it,25,8,10.0,plus,corrupt,57,75,Yes,6.042483329772949,6.459114074707031,0.41663074493408203,0
google/gemma-2-9b-it,25,8,10.0,plus,corrupt,35,0,No,-5.138533592224121,-2.9224300384521484,2.2161035537719727,0
google/gemma-2-9b-it,25,8,10.0,plus,corrupt,97,20,No,-4.331171035766602,-1.5384407043457031,2.7927303314208984,0
google/gemma-2-9b-it,25,8,10.0,plus,corrupt,89,54,No,-4.507770538330078,-1.7078628540039062,2.799907684326172,0
google/gemma-2-9b-it,25,8,10.0,plus,corrupt,43,35,No,-4.485603332519531,-1.2298470735549927,3.2557562589645386,0
google/gemma-2-9b-it,25,8,10.0,plus,corrupt,19,27,Yes,4.871285438537598,5.7364501953125,0.8651647567749023,0
google/gemma-2-9b-it,25,8,10.0,plus,corrupt,97,43,No,-4.518871307373047,-1.7718106508255005,2.7470606565475464,0
google/gemma-2-9b-it,25,8,10.0,plus,corrupt,13,11,No,-4.693229675292969,-2.1061782836914062,2.5870513916015625,0
google/gemma-2-9b-it,25,8,10.0,plus,corrupt,48,12,No,-4.27678108215332,-1.2535077333450317,3.0232733488082886,0
google/gemma-2-9b-it,25,8,10.0,plus,corrupt,45,44,No,-4.512781143188477,-1.8258590698242188,2.686922073364258,0
google/gemma-2-9b-it,25,8,10.0,plus,corrupt,77,33,No,-4.76120662689209,-2.466764450073242,2.2944421768188477,0
google/gemma-2-9b-it,25,8,10.0,plus,corrupt,5,93,Yes,5.190787315368652,5.625235557556152,0.4344482421875,0
google/gemma-2-9b-it,25,8,10.0,plus,corrupt,58,68,Yes,6.112817764282227,6.49876594543457,0.38594818115234375,0
google/gemma-2-9b-it,25,8,10.0,plus,corrupt,15,48,Yes,6.30708122253418,6.564311981201172,0.2572307586669922,0
google/gemma-2-9b-it,25,8,10.0,plus,corrupt,10,70,Yes,5.766149520874023,6.052029609680176,0.28588008880615234,0
google/gemma-2-9b-it,25,8,10.0,plus,corrupt,37,80,Yes,6.699962615966797,6.952946662902832,0.25298404693603516,0
google/gemma-2-9b-it,25,8,10.0,plus,corrupt,79,46,No,-4.39874267578125,-1.3401716947555542,3.058570981025696,0
google/gemma-2-9b-it,25,8,10.0,plus,corrupt,73,24,No,-4.622123718261719,-2.1591033935546875,2.4630203247070312,0
google/gemma-2-9b-it,25,8,10.0,plus,corrupt,90,8,No,-4.759252548217773,-2.3679161071777344,2.391336441040039,0
google/gemma-2-9b-it,25,8,10.0,plus,corrupt,5,84,Yes,4.702724456787109,5.553544998168945,0.8508205413818359,0
google/gemma-2-9b-it,25,8,10.0,plus,corrupt,29,98,Yes,5.706063270568848,6.164115905761719,0.4580526351928711,0
google/gemma-2-9b-it,25,8,10.0,plus,corrupt,37,10,No,-4.574409484863281,-2.2489967346191406,2.3254127502441406,0
google/gemma-2-9b-it,25,8,10.0,plus,corrupt,29,12,No,-4.513729095458984,-2.0252208709716797,2.4885082244873047,0
google/gemma-2-9b-it,25,8,10.0,plus,corrupt,48,35,No,-4.3476104736328125,-1.5286903381347656,2.818920135498047,0
google/gemma-2-9b-it,25,8,10.0,plus,corrupt,58,81,Yes,6.131075859069824,6.571221351623535,0.44014549255371094,0
google/gemma-2-9b-it,25,8,10.0,plus,corrupt,46,20,No,-4.293216705322266,-1.3631476163864136,2.930069088935852,0
google/gemma-2-9b-it,25,8,10.0,plus,corrupt,47,45,No,-4.504396438598633,-1.5920523405075073,2.9123440980911255,0
google/gemma-2-9b-it,25,8,10.0,plus,corrupt,26,85,Yes,6.8167266845703125,6.989707946777344,0.17298126220703125,0
google/gemma-2-9b-it,25,8,10.0,plus,corrupt,34,89,Yes,6.85139274597168,6.992311477661133,0.14091873168945312,0
google/gemma-2-9b-it,25,8,10.0,plus,corrupt,87,82,No,-4.207094192504883,-0.988427996635437,3.218666195869446,0
google/gemma-2-9b-it,25,8,10.0,plus,corrupt,9,77,Yes,-2.5615310668945312,2.2528076171875,4.814338684082031,1
google/gemma-2-9b-it,25,8,10.0,plus,corrupt,81,21,No,-4.567171096801758,-2.038890838623047,2.528280258178711,0
google/gemma-2-9b-it,25,8,10.0,plus,corrupt,68,93,Yes,6.566397666931152,6.755168914794922,0.18877124786376953,0
google/gemma-2-9b-it,25,8,10.0,plus,corrupt,31,20,No,-4.563404083251953,-1.8992557525634766,2.6641483306884766,0
google/gemma-2-9b-it,25,8,10.0,plus,corrupt,59,48,No,-4.469078063964844,-1.7746257781982422,2.6944522857666016,0
google/gemma-2-9b-it,25,8,10.0,plus,corrupt,34,81,Yes,6.122628211975098,6.562380790710449,0.43975257873535156,0
google/gemma-2-9b-it,25,8,10.0,plus,corrupt,88,71,No,-4.449581146240234,-1.9438267946243286,2.5057543516159058,0
google/gemma-2-9b-it,25,8,10.0,plus,corrupt,28,87,Yes,6.471451759338379,6.715219497680664,0.24376773834228516,0
google/gemma-2-9b-it,25,8,10.0,plus,corrupt,41,98,Yes,6.227890968322754,6.469127655029297,0.24123668670654297,0
google/gemma-2-9b-it,25,8,10.0,plus,corrupt,99,7,No,-4.380001068115234,-1.0834006071090698,3.2966004610061646,0
google/gemma-2-9b-it,25,8,10.0,plus,corrupt,29,4,No,-4.413236618041992,-1.727533221244812,2.68570339679718,0
google/gemma-2-9b-it,25,8,10.0,plus,corrupt,40,51,Yes,6.854567527770996,7.040401458740234,0.18583393096923828,0
google/gemma-2-9b-it,25,8,10.0,plus,corrupt,34,8,No,-4.283010482788086,-1.6349009275436401,2.648109555244446,0
google/gemma-2-9b-it,25,8,10.0,plus,corrupt,27,72,Yes,6.0071916580200195,6.321824073791504,0.3146324157714844,0
google/gemma-2-9b-it,25,8,10.0,plus,corrupt,91,40,No,-4.673137664794922,-2.2510948181152344,2.4220428466796875,0
google/gemma-2-9b-it,25,8,10.0,plus,corrupt,27,83,Yes,6.522455215454102,6.720333099365234,0.1978778839111328,0
google/gemma-2-9b-it,25,8,10.0,plus,corrupt,63,50,No,-4.529003143310547,-1.8031576871871948,2.725845456123352,0
google/gemma-2-9b-it,25,8,10.0,plus,corrupt,82,58,No,-4.36492919921875,-1.2933405637741089,3.071588635444641,0
google/gemma-2-9b-it,25,8,10.0,plus,corrupt,18,33,Yes,6.125418663024902,6.507850646972656,0.3824319839477539,0
google/gemma-2-9b-it,25,8,10.0,plus,corrupt,17,31,Yes,6.405682563781738,6.616695404052734,0.2110128402709961,0
google/gemma-2-9b-it,25,8,10.0,plus,corrupt,95,71,No,-4.5328216552734375,-1.7514934539794922,2.7813282012939453,0
google/gemma-2-9b-it,25,8,10.0,plus,corrupt,68,33,No,-4.620965957641602,-2.308137893676758,2.3128280639648438,0
google/gemma-2-9b-it,25,8,10.0,plus,corrupt,95,74,No,-4.7009735107421875,-2.0431957244873047,2.657777786254883,0
google/gemma-2-9b-it,25,8,10.0,plus,corrupt,54,74,Yes,6.181606292724609,6.529667854309082,0.34806156158447266,0
google/gemma-2-9b-it,25,8,10.0,plus,corrupt,51,46,No,-4.436281204223633,-1.5488530397415161,2.8874281644821167,0
google/gemma-2-9b-it,25,8,10.0,plus,corrupt,28,17,No,-4.623565673828125,-1.7806681394577026,2.8428975343704224,0
google/gemma-2-9b-it,25,8,10.0,plus,corrupt,65,63,No,-4.355348587036133,-1.6125067472457886,2.7428418397903442,0
google/gemma-2-9b-it,25,8,10.0,plus,corrupt,11,96,Yes,-0.9668006896972656,3.6513020992279053,4.618102788925171,1
google/gemma-2-9b-it,25,8,10.0,plus,corrupt,6,14,Yes,6.410440444946289,6.680490493774414,0.270050048828125,0
google/gemma-2-9b-it,25,8,10.0,plus,corrupt,19,80,Yes,5.8487348556518555,6.332930564880371,0.4841957092285156,0
google/gemma-2-9b-it,25,8,10.0,plus,corrupt,20,87,Yes,6.511501312255859,6.683341979980469,0.17184066772460938,0
google/gemma-2-9b-it,25,8,10.0,plus,corrupt,54,76,Yes,6.3194990158081055,6.65350341796875,0.33400440216064453,0
google/gemma-2-9b-it,25,8,10.0,plus,corrupt,8,49,Yes,-2.377471923828125,3.4773902893066406,5.854862213134766,1
google/gemma-2-9b-it,25,8,10.0,plus,corrupt,48,76,Yes,6.276267051696777,6.642025947570801,0.36575889587402344,0
google/gemma-2-9b-it,25,8,10.0,plus,corrupt,59,67,Yes,5.746299743652344,6.214982986450195,0.46868324279785156,0
google/gemma-2-9b-it,25,8,10.0,plus,corrupt,32,70,Yes,6.1920928955078125,6.506603240966797,0.3145103454589844,0
google/gemma-2-9b-it,25,8,10.0,plus,corrupt,1,87,Yes,5.66422176361084,5.636274337768555,-0.027947425842285156,0
google/gemma-2-9b-it,25,8,10.0,plus,corrupt,92,14,No,-4.2549285888671875,-1.2583028078079224,2.996625781059265,0
google/gemma-2-9b-it,25,8,10.0,plus,corrupt,87,68,No,-4.522190093994141,-1.6867886781692505,2.83540141582489,0
google/gemma-2-9b-it,25,8,10.0,plus,corrupt,96,34,No,-4.565250396728516,-2.116107940673828,2.4491424560546875,0
google/gemma-2-9b-it,25,8,10.0,plus,corrupt,98,82,No,-4.453031539916992,-1.720901370048523,2.7321301698684692,0
google/gemma-2-9b-it,25,8,10.0,plus,corrupt,43,14,No,-4.544761657714844,-1.8537216186523438,2.6910400390625,0
google/gemma-2-9b-it,25,8,10.0,plus,corrupt,37,55,Yes,6.709033012390137,6.964853286743164,0.25582027435302734,0
google/gemma-2-9b-it,25,8,10.0,plus,corrupt,20,58,Yes,6.611096382141113,6.888256072998047,0.2771596908569336,0
google/gemma-2-9b-it,25,8,10.0,plus,corrupt,0,92,Yes,6.158766746520996,6.043639183044434,-0.1151275634765625,0
google/gemma-2-9b-it,25,8,10.0,plus,corrupt,92,33,No,-4.646699905395508,-2.3718910217285156,2.274808883666992,0
google/gemma-2-9b-it,25,8,10.0,plus,corrupt,64,97,Yes,6.475717544555664,6.666145324707031,0.1904277801513672,0
google/gemma-2-9b-it,25,8,10.0,plus,corrupt,22,64,Yes,4.797819137573242,5.634593963623047,0.8367748260498047,0
google/gemma-2-9b-it,25,8,10.0,plus,corrupt,13,80,Yes,3.7901477813720703,5.517610549926758,1.7274627685546875,0
google/gemma-2-9b-it,25,8,10.0,plus,corrupt,38,81,Yes,6.116422653198242,6.571434020996094,0.45501136779785156,0
google/gemma-2-9b-it,25,8,10.0,plus,corrupt,64,77,Yes,6.168741226196289,6.544985771179199,0.37624454498291016,0
google/gemma-2-9b-it,25,8,10.0,plus,corrupt,25,19,No,-4.545833587646484,-1.6097201108932495,2.936113476753235,0
google/gemma-2-9b-it,25,8,10.0,plus,corrupt,47,97,Yes,6.547562599182129,6.638558387756348,0.09099578857421875,0
google/gemma-2-9b-it,25,8,10.0,plus,corrupt,20,69,Yes,3.5181925296783447,5.274262428283691,1.7560698986053467,0
